Acidity (adj),Flavor intensity (adj),Dark.chocolate,Sweet,Nutty,Roasted,Sour,Mouthfeel (adj),Caramel,Rubber,Astringent,pH,Green.veg,Burnt,Percent Extraction,liking
0.0,1.0,0.0,1.0,1.0,1.0,0.0,0.0,1.0,0.0,0.0,5.02,0.0,0.0,27.83124161,8
2.0,1.0,0.0,0.0,0.0,1.0,1.0,1.0,0.0,0.0,0.0,5.1,0.0,1.0,19.66372832,3
1.0,0.0,0.0,0.0,1.0,1.0,1.0,0.0,0.0,0.0,0.0,5.1,0.0,0.0,19.3421869,4
1.0,0.0,0.0,0.0,0.0,0.0,1.0,0.0,0.0,0.0,0.0,4.98,0.0,0.0,16.36198491,5
0.0,0.0,0.0,1.0,0.0,0.0,0.0,0.0,1.0,0.0,0.0,5.05,0.0,0.0,16.86856899,8
1.0,2.0,0.0,0.0,0.0,0.0,0.0,0.0,0.0,0.0,0.0,5.08,0.0,0.0,16.61482112,3
1.0,1.0,0.0,0.0,1.0,0.0,1.0,1.0,0.0,0.0,0.0,5.02,0.0,0.0,17.13424988,6
0.0,1.0,0.0,0.0,0.0,0.0,1.0,2.0,0.0,0.0,0.0,5.08,0.0,0.0,16.92418021,8
0.0,0.0,0.0,1.0,0.0,0.0,0.0,0.0,1.0,0.0,0.0,5.05,0.0,0.0,17.51919647,8
0.0,1.0,0.0,0.0,1.0,0.0,0.0,1.0,0.0,0.0,0.0,5.03,1.0,0.0,22.69721477,5
1.0,0.0,0.0,0.0,0.0,1.0,0.0,0.0,0.0,0.0,1.0,4.97,0.0,0.0,16.54689355,7
0.0,0.0,0.0,0.0,1.0,0.0,0.0,0.0,0.0,0.0,0.0,5.05,0.0,0.0,20.82214651,7
1.0,0.0,0.0,1.0,1.0,1.0,0.0,0.0,1.0,0.0,0.0,5.06,0.0,0.0,20.6053931,6
0.0,0.0,0.0,0.0,0.0,1.0,0.0,0.0,0.0,0.0,0.0,5.02,0.0,0.0,17.13424988,7
1.0,1.0,1.0,0.0,0.0,0.0,0.0,1.0,0.0,0.0,0.0,5.04,0.0,0.0,19.37757225,7
0.0,0.0,1.0,0.0,1.0,1.0,0.0,0.0,0.0,1.0,0.0,5.08,0.0,0.0,20.38346394,7
0.0,1.0,0.0,0.0,0.0,1.0,0.0,1.0,0.0,0.0,0.0,5.01,0.0,0.0,16.40090566,4
1.0,1.0,0.0,0.0,0.0,0.0,1.0,1.0,0.0,1.0,1.0,4.98,0.0,1.0,23.13697899,4
1.0,1.0,0.0,0.0,1.0,1.0,1.0,0.0,0.0,0.0,0.0,5.04,0.0,0.0,16.86816535,7
1.0,0.0,0.0,0.0,0.0,1.0,1.0,0.0,0.0,0.0,0.0,5.0,0.0,0.0,22.58775696,4
0.0,1.0,1.0,0.0,0.0,1.0,0.0,1.0,0.0,0.0,0.0,5.07,0.0,0.0,19.85620906,6
0.0,0.0,0.0,1.0,1.0,1.0,0.0,0.0,1.0,0.0,0.0,5.06,0.0,0.0,20.6053931,7
1.0,2.0,0.0,0.0,0.0,0.0,0.0,1.0,0.0,0.0,1.0,5.05,0.0,0.0,16.16303237,3
0.0,1.0,0.0,0.0,0.0,0.0,0.0,0.0,0.0,0.0,0.0,5.04,0.0,1.0,24.83705705,7
0.0,0.0,0.0,1.0,1.0,1.0,0.0,0.0,0.0,0.0,0.0,5.13,0.0,0.0,24.492375,8
0.0,0.0,1.0,0.0,1.0,1.0,0.0,0.0,0.0,0.0,0.0,5.08,0.0,0.0,16.61396913,8
0.0,1.0,0.0,0.0,0.0,0.0,1.0,1.0,0.0,1.0,0.0,5.15,0.0,1.0,20.76175862,4
2.0,1.0,0.0,0.0,0.0,0.0,1.0,0.0,0.0,1.0,0.0,5.04,0.0,0.0,17.34746865,5
0.0,1.0,0.0,0.0,1.0,0.0,0.0,0.0,0.0,0.0,0.0,5.04,0.0,0.0,20.23410405,5
1.0,1.0,0.0,0.0,0.0,0.0,0.0,0.0,0.0,0.0,0.0,5.02,0.0,0.0,20.66460442,7
2.0,0.0,0.0,0.0,0.0,0.0,1.0,1.0,0.0,0.0,0.0,5.1,0.0,0.0,19.66372832,4
0.0,1.0,0.0,0.0,0.0,0.0,0.0,1.0,0.0,0.0,0.0,5.08,0.0,0.0,21.43162976,4
0.0,0.0,0.0,0.0,1.0,1.0,0.0,0.0,1.0,0.0,0.0,5.0,0.0,1.0,24.55751667,8
1.0,1.0,0.0,1.0,1.0,1.0,1.0,0.0,0.0,0.0,0.0,5.1,0.0,0.0,16.59760931,5
0.0,0.0,1.0,0.0,1.0,1.0,0.0,0.0,0.0,0.0,0.0,5.09,0.0,0.0,22.43037159,9
0.0,0.0,0.0,0.0,0.0,1.0,0.0,0.0,0.0,0.0,1.0,5.09,1.0,0.0,19.59817919,7
1.0,0.0,1.0,0.0,1.0,1.0,0.0,0.0,0.0,0.0,0.0,5.07,0.0,0.0,23.12165153,6
1.0,0.0,1.0,1.0,0.0,0.0,0.0,0.0,0.0,1.0,0.0,5.05,1.0,0.0,19.82575626,4
0.0,1.0,0.0,0.0,0.0,1.0,0.0,1.0,0.0,0.0,0.0,5.08,0.0,0.0,21.24667802,5
0.0,1.0,0.0,0.0,1.0,1.0,1.0,0.0,0.0,0.0,0.0,5.08,0.0,0.0,20.60491034,7
1.0,0.0,0.0,0.0,0.0,1.0,1.0,0.0,0.0,0.0,0.0,5.04,0.0,0.0,16.86816535,7
1.0,1.0,0.0,0.0,0.0,0.0,1.0,1.0,0.0,0.0,0.0,5.08,0.0,0.0,23.90232886,4
0.0,0.0,1.0,1.0,1.0,1.0,0.0,0.0,1.0,0.0,0.0,5.06,0.0,0.0,23.82027257,7
1.0,2.0,0.0,1.0,0.0,1.0,0.0,1.0,0.0,0.0,0.0,4.99,0.0,0.0,23.63853492,4
0.0,0.0,0.0,1.0,0.0,0.0,0.0,1.0,0.0,0.0,0.0,5.07,0.0,0.0,24.3972605,8
0.0,0.0,0.0,0.0,0.0,1.0,1.0,0.0,0.0,0.0,0.0,4.95,0.0,0.0,17.25302731,4
0.0,0.0,0.0,0.0,1.0,1.0,0.0,0.0,0.0,0.0,0.0,5.08,0.0,0.0,23.98242667,5
1.0,0.0,0.0,0.0,0.0,1.0,1.0,0.0,0.0,0.0,0.0,5.06,0.0,0.0,23.9945088,7
0.0,1.0,1.0,1.0,1.0,1.0,0.0,0.0,0.0,0.0,0.0,5.03,0.0,0.0,20.99829074,5
1.0,1.0,0.0,0.0,0.0,0.0,1.0,0.0,0.0,0.0,0.0,5.01,1.0,0.0,23.62768313,2
0.0,0.0,1.0,0.0,0.0,1.0,0.0,0.0,0.0,0.0,0.0,5.12,0.0,0.0,21.15722069,8
0.0,0.0,1.0,0.0,0.0,0.0,0.0,0.0,0.0,0.0,0.0,5.09,0.0,0.0,19.59817919,8
0.0,0.0,0.0,0.0,1.0,1.0,0.0,1.0,0.0,0.0,1.0,4.99,0.0,1.0,16.9132879,7
1.0,2.0,0.0,0.0,1.0,0.0,0.0,0.0,0.0,0.0,0.0,5.12,0.0,0.0,24.36373333,6
0.0,0.0,0.0,0.0,0.0,0.0,1.0,0.0,0.0,0.0,0.0,5.02,0.0,0.0,16.49862642,4
1.0,1.0,0.0,0.0,0.0,0.0,0.0,1.0,0.0,0.0,0.0,5.03,0.0,1.0,23.56796,4
0.0,0.0,0.0,0.0,1.0,1.0,0.0,0.0,0.0,0.0,0.0,5.08,0.0,0.0,16.61482112,8
1.0,0.0,0.0,0.0,0.0,1.0,0.0,0.0,0.0,0.0,0.0,5.08,0.0,1.0,23.98242667,5
0.0,0.0,0.0,0.0,0.0,0.0,0.0,1.0,0.0,0.0,0.0,5.08,0.0,0.0,23.98242667,8
1.0,0.0,1.0,1.0,0.0,0.0,0.0,0.0,0.0,0.0,0.0,5.04,0.0,0.0,23.79842017,7
0.0,0.0,1.0,1.0,1.0,1.0,0.0,0.0,0.0,0.0,0.0,5.09,1.0,0.0,21.12749574,9
0.0,0.0,0.0,0.0,0.0,0.0,1.0,1.0,0.0,0.0,0.0,5.01,0.0,0.0,16.40531816,5
1.0,0.0,0.0,0.0,0.0,0.0,0.0,0.0,1.0,0.0,0.0,4.98,0.0,0.0,20.93710392,7
0.0,0.0,0.0,0.0,0.0,1.0,1.0,0.0,0.0,0.0,0.0,5.04,0.0,0.0,20.02932081,8
0.0,1.0,0.0,1.0,0.0,1.0,0.0,0.0,0.0,0.0,0.0,4.95,0.0,0.0,16.14680863,6
1.0,0.0,0.0,1.0,0.0,1.0,0.0,0.0,1.0,0.0,0.0,5.04,0.0,0.0,15.91308348,8
0.0,1.0,0.0,0.0,1.0,1.0,1.0,1.0,1.0,0.0,0.0,5.08,0.0,0.0,21.43162976,5
0.0,1.0,1.0,1.0,1.0,0.0,0.0,0.0,1.0,0.0,0.0,4.96,0.0,0.0,17.58986941,8
0.0,0.0,1.0,1.0,1.0,1.0,0.0,0.0,0.0,0.0,0.0,5.01,0.0,0.0,23.62768313,7
0.0,1.0,0.0,0.0,0.0,1.0,0.0,1.0,0.0,0.0,0.0,4.97,0.0,0.0,16.8046167,4
1.0,0.0,0.0,0.0,1.0,1.0,0.0,0.0,1.0,0.0,0.0,5.05,0.0,0.0,16.63387366,8
0.0,1.0,1.0,0.0,0.0,0.0,0.0,1.0,1.0,0.0,0.0,5.03,0.0,0.0,20.79182283,7
0.0,0.0,0.0,0.0,1.0,0.0,0.0,0.0,0.0,0.0,0.0,4.98,0.0,0.0,23.13697899,6
1.0,1.0,0.0,0.0,0.0,0.0,1.0,1.0,0.0,0.0,0.0,5.06,0.0,0.0,17.25293544,7
0.0,0.0,1.0,1.0,0.0,1.0,0.0,0.0,0.0,0.0,0.0,5.0,0.0,0.0,26.6561272,8
1.0,0.0,0.0,0.0,0.0,1.0,1.0,0.0,0.0,0.0,0.0,5.02,0.0,0.0,16.44198183,5
0.0,1.0,0.0,1.0,0.0,0.0,0.0,1.0,0.0,0.0,0.0,4.97,1.0,0.0,16.8046167,7
0.0,2.0,0.0,0.0,1.0,0.0,0.0,1.0,0.0,0.0,0.0,5.12,0.0,0.0,21.30333103,6
1.0,2.0,0.0,0.0,0.0,0.0,1.0,2.0,0.0,0.0,1.0,5.03,0.0,1.0,20.79182283,2
1.0,0.0,0.0,0.0,0.0,0.0,0.0,0.0,0.0,0.0,0.0,4.99,1.0,0.0,16.9132879,4
0.0,1.0,1.0,1.0,1.0,1.0,0.0,0.0,1.0,0.0,0.0,5.05,0.0,0.0,23.9349125,7
0.0,0.0,1.0,1.0,0.0,1.0,0.0,0.0,0.0,0.0,0.0,5.07,0.0,0.0,22.95375723,8
1.0,1.0,0.0,0.0,0.0,0.0,1.0,1.0,0.0,0.0,0.0,5.06,0.0,0.0,23.82027257,5
0.0,1.0,0.0,0.0,1.0,0.0,0.0,1.0,0.0,0.0,0.0,5.1,0.0,1.0,20.15248276,6
1.0,0.0,0.0,0.0,0.0,0.0,1.0,1.0,0.0,0.0,1.0,5.05,1.0,1.0,23.39778535,6
0.0,0.0,0.0,0.0,1.0,1.0,0.0,0.0,0.0,0.0,0.0,5.06,0.0,0.0,16.25667235,8
0.0,1.0,0.0,1.0,1.0,0.0,0.0,2.0,0.0,0.0,0.0,5.09,0.0,0.0,20.84068966,9
1.0,1.0,0.0,0.0,0.0,0.0,0.0,1.0,0.0,0.0,0.0,5.1,1.0,0.0,24.20130201,5
1.0,0.0,0.0,0.0,1.0,1.0,0.0,0.0,0.0,0.0,0.0,5.06,0.0,0.0,20.57765517,8
1.0,0.0,0.0,0.0,0.0,0.0,0.0,0.0,0.0,0.0,0.0,5.11,1.0,1.0,23.26668908,6
0.0,0.0,0.0,1.0,0.0,0.0,1.0,0.0,0.0,0.0,0.0,5.06,0.0,0.0,23.9945088,6
0.0,0.0,0.0,0.0,1.0,1.0,0.0,0.0,1.0,0.0,0.0,5.04,0.0,0.0,16.86816535,7
1.0,0.0,0.0,0.0,0.0,1.0,1.0,0.0,0.0,0.0,0.0,5.0,0.0,1.0,22.58775696,5
0.0,1.0,0.0,0.0,0.0,1.0,0.0,0.0,0.0,0.0,0.0,5.13,0.0,0.0,24.492375,7
2.0,2.0,0.0,0.0,0.0,1.0,1.0,2.0,0.0,0.0,0.0,4.97,0.0,1.0,16.8046167,4
0.0,0.0,1.0,0.0,1.0,1.0,0.0,0.0,0.0,1.0,0.0,5.0,1.0,1.0,26.6561272,8
0.0,0.0,1.0,0.0,0.0,1.0,1.0,0.0,0.0,1.0,1.0,4.99,0.0,1.0,16.182,6
0.0,0.0,1.0,0.0,1.0,1.0,0.0,0.0,1.0,0.0,0.0,5.05,0.0,0.0,23.39778535,7
0.0,0.0,0.0,0.0,0.0,0.0,0.0,1.0,0.0,0.0,0.0,5.0,0.0,0.0,26.6561272,6
1.0,0.0,0.0,0.0,0.0,0.0,1.0,0.0,0.0,0.0,1.0,5.08,1.0,0.0,20.05915895,7
1.0,0.0,1.0,0.0,0.0,0.0,0.0,0.0,0.0,0.0,0.0,5.05,0.0,0.0,19.64248555,7
0.0,0.0,1.0,0.0,0.0,1.0,0.0,0.0,0.0,0.0,0.0,5.03,0.0,0.0,20.79182283,8
1.0,0.0,0.0,0.0,1.0,1.0,0.0,0.0,0.0,0.0,0.0,4.96,0.0,0.0,23.25763771,6
0.0,1.0,0.0,0.0,0.0,1.0,1.0,0.0,0.0,0.0,1.0,4.99,0.0,1.0,21.36238501,5
0.0,0.0,0.0,0.0,0.0,1.0,1.0,0.0,0.0,0.0,0.0,5.12,0.0,1.0,21.30333103,6
0.0,0.0,1.0,0.0,1.0,1.0,0.0,0.0,0.0,0.0,0.0,5.01,0.0,0.0,16.40090566,8
1.0,0.0,0.0,0.0,0.0,1.0,1.0,0.0,0.0,0.0,0.0,5.04,0.0,1.0,17.34746865,6
0.0,0.0,1.0,0.0,0.0,0.0,1.0,0.0,1.0,0.0,0.0,5.01,0.0,0.0,20.29815029,6
1.0,1.0,0.0,0.0,0.0,0.0,0.0,1.0,0.0,0.0,1.0,5.08,0.0,1.0,17.03464933,4
2.0,2.0,0.0,0.0,0.0,0.0,1.0,0.0,0.0,0.0,0.0,5.05,0.0,0.0,19.64248555,1
1.0,0.0,0.0,0.0,1.0,1.0,0.0,1.0,0.0,0.0,0.0,5.1,0.0,0.0,24.20130201,7
0.0,2.0,0.0,0.0,0.0,0.0,0.0,0.0,0.0,0.0,0.0,4.99,0.0,0.0,21.36238501,4
0.0,0.0,0.0,0.0,1.0,1.0,0.0,1.0,0.0,0.0,0.0,5.03,0.0,0.0,16.97957978,8
1.0,0.0,1.0,0.0,0.0,1.0,0.0,0.0,0.0,0.0,0.0,4.99,0.0,0.0,16.182,7
1.0,1.0,0.0,0.0,0.0,0.0,0.0,1.0,0.0,0.0,0.0,5.03,0.0,0.0,23.56796,6
0.0,0.0,1.0,0.0,1.0,1.0,0.0,0.0,0.0,0.0,0.0,5.06,0.0,0.0,22.30003303,7
1.0,0.0,0.0,0.0,1.0,1.0,0.0,1.0,0.0,0.0,0.0,4.97,0.0,0.0,16.98679981,8
0.0,0.0,1.0,1.0,1.0,1.0,0.0,0.0,0.0,0.0,0.0,5.06,0.0,0.0,24.06409167,7
0.0,0.0,1.0,0.0,1.0,0.0,0.0,0.0,0.0,0.0,0.0,5.07,0.0,0.0,23.88992,8
1.0,1.0,0.0,0.0,0.0,0.0,1.0,0.0,0.0,0.0,0.0,5.06,0.0,0.0,22.21796,5
1.0,0.0,0.0,0.0,0.0,1.0,1.0,0.0,0.0,0.0,0.0,5.05,0.0,0.0,16.86856899,5
0.0,0.0,1.0,1.0,1.0,1.0,0.0,0.0,0.0,0.0,0.0,5.0,0.0,0.0,16.41680863,6
1.0,1.0,0.0,0.0,0.0,0.0,1.0,0.0,0.0,0.0,0.0,5.02,0.0,0.0,17.13424988,4
0.0,1.0,0.0,1.0,1.0,1.0,0.0,0.0,0.0,0.0,0.0,4.98,0.0,0.0,20.760636,5
0.0,0.0,0.0,0.0,0.0,1.0,0.0,1.0,0.0,0.0,0.0,5.05,0.0,0.0,20.82214651,7
0.0,1.0,1.0,0.0,0.0,1.0,0.0,0.0,0.0,0.0,0.0,5.03,0.0,0.0,22.69721477,5
1.0,1.0,0.0,0.0,1.0,0.0,0.0,0.0,0.0,0.0,1.0,5.03,0.0,1.0,19.94797688,4
1.0,0.0,0.0,0.0,0.0,0.0,1.0,1.0,0.0,0.0,0.0,5.04,0.0,1.0,20.02932081,6
0.0,0.0,0.0,1.0,1.0,1.0,0.0,0.0,0.0,0.0,0.0,5.07,0.0,0.0,17.21277288,8
0.0,1.0,0.0,1.0,0.0,1.0,0.0,0.0,0.0,0.0,0.0,5.07,0.0,0.0,23.12165153,6
0.0,1.0,0.0,1.0,0.0,1.0,1.0,1.0,0.0,0.0,0.0,5.02,1.0,0.0,19.56651252,4
0.0,0.0,0.0,1.0,0.0,0.0,0.0,0.0,0.0,0.0,0.0,5.03,0.0,0.0,23.56796,7
0.0,1.0,0.0,0.0,1.0,1.0,0.0,0.0,0.0,0.0,0.0,5.13,1.0,0.0,23.92605833,6
0.0,1.0,0.0,0.0,0.0,1.0,1.0,0.0,0.0,0.0,0.0,4.97,0.0,0.0,16.32868825,7
0.0,1.0,0.0,0.0,0.0,0.0,1.0,0.0,0.0,0.0,1.0,5.08,0.0,0.0,20.05915895,5
0.0,1.0,0.0,0.0,0.0,1.0,1.0,0.0,0.0,0.0,0.0,5.05,0.0,0.0,16.86856899,4
1.0,1.0,0.0,0.0,1.0,0.0,1.0,1.0,0.0,0.0,0.0,5.09,0.0,0.0,21.12749574,5
0.0,0.0,1.0,0.0,0.0,1.0,0.0,0.0,0.0,0.0,0.0,5.02,0.0,0.0,16.59946122,8
0.0,0.0,0.0,0.0,0.0,1.0,1.0,0.0,0.0,0.0,0.0,5.03,0.0,0.0,16.73512308,7
1.0,1.0,0.0,0.0,0.0,0.0,1.0,0.0,0.0,0.0,0.0,4.98,0.0,0.0,17.50510091,4
2.0,1.0,0.0,0.0,0.0,0.0,0.0,0.0,0.0,0.0,1.0,5.04,0.0,1.0,17.34746865,7
1.0,1.0,0.0,0.0,0.0,0.0,0.0,1.0,0.0,0.0,0.0,5.04,0.0,1.0,23.79842017,5
0.0,1.0,0.0,1.0,1.0,0.0,0.0,0.0,0.0,0.0,0.0,5.1,0.0,0.0,20.15248276,7
0.0,0.0,0.0,1.0,1.0,0.0,0.0,0.0,1.0,0.0,0.0,5.04,0.0,0.0,21.31235,8
0.0,0.0,0.0,0.0,0.0,1.0,1.0,1.0,0.0,0.0,0.0,5.02,0.0,1.0,20.66460442,6
1.0,2.0,0.0,0.0,0.0,0.0,0.0,2.0,0.0,0.0,0.0,5.07,1.0,0.0,20.79476835,4
1.0,0.0,0.0,0.0,0.0,1.0,0.0,0.0,0.0,0.0,0.0,4.99,0.0,0.0,20.52279387,8
0.0,0.0,1.0,1.0,1.0,1.0,0.0,0.0,0.0,0.0,0.0,5.04,0.0,0.0,20.23410405,9
1.0,0.0,0.0,0.0,0.0,0.0,1.0,0.0,0.0,0.0,0.0,5.0,1.0,0.0,22.58775696,5
1.0,0.0,0.0,0.0,0.0,1.0,1.0,1.0,0.0,0.0,0.0,5.05,0.0,1.0,22.94250667,5
0.0,0.0,0.0,0.0,0.0,0.0,0.0,0.0,0.0,0.0,0.0,4.99,1.0,0.0,16.9132879,5
2.0,0.0,0.0,0.0,1.0,0.0,1.0,0.0,0.0,0.0,1.0,5.02,0.0,0.0,16.59946122,4
1.0,1.0,0.0,1.0,0.0,0.0,0.0,1.0,0.0,0.0,0.0,5.07,0.0,0.0,24.3972605,5
1.0,0.0,0.0,0.0,0.0,0.0,1.0,0.0,0.0,0.0,0.0,5.03,0.0,0.0,23.61850085,3
0.0,1.0,1.0,1.0,0.0,1.0,1.0,1.0,1.0,0.0,0.0,5.06,0.0,0.0,20.09176301,6
2.0,1.0,0.0,0.0,0.0,0.0,1.0,0.0,0.0,1.0,0.0,5.04,0.0,0.0,16.51622642,3
1.0,1.0,0.0,0.0,0.0,1.0,0.0,0.0,0.0,0.0,0.0,5.04,0.0,1.0,19.94705202,6
1.0,0.0,0.0,0.0,1.0,1.0,1.0,0.0,0.0,0.0,0.0,5.0,0.0,0.0,25.09908007,6
0.0,0.0,0.0,0.0,1.0,0.0,0.0,1.0,1.0,0.0,0.0,5.05,0.0,0.0,20.82214651,6
0.0,1.0,0.0,1.0,0.0,0.0,0.0,1.0,0.0,0.0,0.0,5.04,0.0,0.0,15.91308348,6
0.0,0.0,0.0,0.0,1.0,1.0,0.0,1.0,0.0,0.0,0.0,5.07,0.0,0.0,17.21277288,7
1.0,1.0,0.0,0.0,0.0,0.0,0.0,1.0,0.0,0.0,0.0,4.99,1.0,1.0,21.36238501,2
0.0,1.0,0.0,0.0,0.0,0.0,0.0,0.0,0.0,0.0,0.0,5.08,0.0,0.0,24.65228571,7
0.0,2.0,0.0,0.0,0.0,0.0,0.0,2.0,0.0,0.0,1.0,5.06,0.0,0.0,20.57765517,4
1.0,0.0,0.0,0.0,0.0,0.0,0.0,0.0,0.0,0.0,0.0,5.05,0.0,0.0,16.86856899,4
1.0,1.0,0.0,0.0,0.0,0.0,0.0,1.0,0.0,1.0,0.0,4.99,0.0,0.0,20.52279387,4
0.0,1.0,0.0,1.0,1.0,0.0,0.0,1.0,1.0,0.0,0.0,5.12,0.0,0.0,16.36475298,8
1.0,2.0,0.0,0.0,0.0,0.0,0.0,1.0,0.0,0.0,0.0,5.0,0.0,0.0,26.6561272,4
2.0,1.0,0.0,1.0,0.0,0.0,1.0,2.0,0.0,0.0,0.0,5.05,0.0,0.0,16.16303237,8
0.0,2.0,1.0,0.0,0.0,0.0,0.0,1.0,0.0,0.0,0.0,5.06,0.0,0.0,23.82027257,6
2.0,2.0,0.0,0.0,1.0,0.0,0.0,1.0,0.0,0.0,0.0,5.04,0.0,0.0,23.79842017,3
1.0,0.0,1.0,0.0,0.0,1.0,0.0,0.0,0.0,0.0,0.0,5.0,0.0,0.0,21.86684838,7
1.0,0.0,1.0,0.0,0.0,1.0,0.0,0.0,0.0,0.0,0.0,5.03,0.0,0.0,23.56796,6
2.0,1.0,0.0,0.0,0.0,0.0,0.0,1.0,0.0,0.0,1.0,5.05,0.0,0.0,23.9349125,3
1.0,0.0,0.0,0.0,0.0,1.0,1.0,0.0,0.0,0.0,0.0,5.04,0.0,0.0,19.37757225,4
0.0,0.0,0.0,0.0,0.0,1.0,0.0,0.0,1.0,0.0,0.0,4.97,0.0,1.0,16.98679981,6
0.0,0.0,0.0,0.0,0.0,1.0,0.0,0.0,0.0,0.0,0.0,5.12,0.0,0.0,24.36373333,6
1.0,1.0,0.0,0.0,1.0,0.0,0.0,1.0,0.0,0.0,0.0,5.05,1.0,1.0,23.39778535,4
0.0,0.0,0.0,0.0,0.0,0.0,0.0,0.0,0.0,0.0,0.0,5.05,1.0,0.0,23.39778535,7
1.0,2.0,0.0,0.0,0.0,0.0,1.0,2.0,0.0,0.0,0.0,5.02,0.0,0.0,17.13424988,4
0.0,1.0,1.0,0.0,0.0,1.0,0.0,0.0,1.0,0.0,0.0,5.02,0.0,0.0,20.69212947,7
0.0,0.0,1.0,1.0,1.0,1.0,0.0,0.0,0.0,0.0,0.0,5.01,0.0,0.0,16.91967064,9
1.0,1.0,0.0,0.0,0.0,0.0,0.0,1.0,0.0,0.0,0.0,5.04,0.0,1.0,20.67553813,4
1.0,0.0,1.0,0.0,1.0,1.0,0.0,0.0,1.0,0.0,0.0,5.0,0.0,0.0,22.58775696,6
0.0,1.0,0.0,1.0,1.0,1.0,0.0,1.0,1.0,0.0,0.0,5.08,0.0,0.0,20.60491034,6
1.0,1.0,0.0,0.0,0.0,0.0,1.0,0.0,0.0,0.0,0.0,5.09,1.0,0.0,21.12749574,4
0.0,2.0,0.0,1.0,0.0,0.0,0.0,2.0,0.0,0.0,0.0,4.99,0.0,0.0,20.52279387,7
0.0,1.0,0.0,0.0,0.0,1.0,0.0,0.0,0.0,0.0,0.0,5.06,0.0,0.0,20.57765517,4
2.0,0.0,0.0,0.0,0.0,0.0,1.0,0.0,0.0,0.0,0.0,4.95,0.0,0.0,17.25302731,4
1.0,1.0,0.0,0.0,0.0,0.0,0.0,0.0,0.0,1.0,1.0,5.12,0.0,0.0,20.80295287,2
1.0,0.0,0.0,0.0,0.0,1.0,0.0,1.0,1.0,0.0,0.0,5.08,0.0,0.0,20.60491034,8
0.0,0.0,1.0,0.0,0.0,0.0,1.0,0.0,0.0,0.0,0.0,5.03,0.0,0.0,16.24142592,6
1.0,0.0,0.0,0.0,0.0,0.0,0.0,0.0,0.0,0.0,0.0,5.01,0.0,1.0,22.38886996,5
1.0,0.0,0.0,0.0,1.0,1.0,0.0,0.0,0.0,0.0,0.0,5.08,0.0,1.0,17.03464933,6
0.0,0.0,1.0,1.0,1.0,0.0,0.0,0.0,1.0,0.0,0.0,5.1,0.0,0.0,20.15248276,8
0.0,0.0,1.0,0.0,1.0,1.0,0.0,0.0,1.0,0.0,0.0,4.97,0.0,0.0,16.54689355,8
1.0,0.0,0.0,0.0,0.0,0.0,1.0,0.0,0.0,0.0,0.0,5.08,1.0,0.0,16.92418021,8
0.0,1.0,0.0,0.0,0.0,0.0,1.0,0.0,0.0,1.0,0.0,5.07,0.0,0.0,20.79476835,5
0.0,0.0,0.0,0.0,1.0,1.0,0.0,0.0,0.0,0.0,0.0,5.01,0.0,0.0,16.40090566,9
1.0,0.0,0.0,0.0,0.0,0.0,1.0,0.0,0.0,0.0,0.0,5.03,1.0,1.0,16.73512308,5
0.0,1.0,0.0,0.0,0.0,1.0,0.0,0.0,0.0,0.0,0.0,5.12,0.0,0.0,16.36475298,7
2.0,1.0,0.0,0.0,0.0,0.0,0.0,0.0,0.0,1.0,1.0,4.98,0.0,0.0,17.50510091,1
0.0,0.0,0.0,0.0,1.0,1.0,0.0,0.0,1.0,0.0,0.0,5.06,0.0,0.0,17.25293544,8
1.0,1.0,0.0,0.0,0.0,0.0,1.0,0.0,0.0,0.0,1.0,5.04,0.0,1.0,22.48859739,3
1.0,0.0,0.0,0.0,0.0,1.0,1.0,0.0,0.0,0.0,1.0,5.02,1.0,0.0,23.33134583,7
0.0,0.0,0.0,1.0,0.0,1.0,1.0,0.0,0.0,0.0,0.0,4.99,0.0,0.0,16.24258944,7
1.0,2.0,0.0,0.0,0.0,0.0,0.0,2.0,0.0,0.0,0.0,4.97,0.0,0.0,16.32868825,2
1.0,1.0,0.0,0.0,0.0,0.0,1.0,0.0,0.0,0.0,0.0,5.02,0.0,0.0,17.13424988,6
1.0,0.0,0.0,0.0,0.0,0.0,1.0,1.0,1.0,0.0,0.0,5.06,0.0,0.0,16.77078495,4
0.0,0.0,0.0,1.0,1.0,0.0,0.0,1.0,1.0,0.0,0.0,5.15,0.0,0.0,20.76175862,9
1.0,0.0,0.0,0.0,0.0,0.0,1.0,0.0,0.0,0.0,0.0,5.02,0.0,0.0,17.13424988,7
1.0,1.0,0.0,0.0,0.0,0.0,1.0,0.0,0.0,0.0,1.0,5.12,0.0,0.0,22.8448,6
1.0,0.0,0.0,0.0,0.0,0.0,1.0,0.0,0.0,0.0,0.0,5.03,0.0,0.0,23.56796,6
1.0,2.0,0.0,0.0,0.0,0.0,1.0,1.0,0.0,0.0,0.0,5.04,0.0,0.0,15.91308348,4
0.0,1.0,0.0,0.0,1.0,0.0,0.0,1.0,0.0,0.0,0.0,4.94,1.0,0.0,16.98132373,5
2.0,0.0,0.0,0.0,0.0,0.0,1.0,1.0,0.0,0.0,1.0,5.01,0.0,0.0,16.34325287,3
1.0,0.0,0.0,0.0,0.0,0.0,1.0,0.0,0.0,0.0,0.0,5.08,0.0,0.0,21.43162976,4
1.0,1.0,0.0,0.0,0.0,0.0,0.0,1.0,0.0,1.0,0.0,5.03,0.0,0.0,20.99829074,4
0.0,1.0,0.0,0.0,0.0,1.0,1.0,1.0,1.0,0.0,0.0,5.07,0.0,0.0,25.39032,6
0.0,0.0,0.0,0.0,0.0,0.0,0.0,0.0,0.0,1.0,0.0,4.98,0.0,1.0,17.50510091,3
0.0,0.0,1.0,0.0,0.0,0.0,0.0,0.0,0.0,0.0,0.0,5.07,1.0,0.0,23.88992,5
0.0,0.0,1.0,0.0,0.0,1.0,1.0,0.0,0.0,0.0,0.0,4.94,0.0,0.0,16.98132373,7
1.0,2.0,0.0,0.0,0.0,1.0,0.0,2.0,0.0,0.0,0.0,5.06,0.0,0.0,24.39167114,3
0.0,0.0,0.0,0.0,0.0,0.0,0.0,1.0,0.0,0.0,0.0,5.0,0.0,0.0,20.01021195,6
2.0,2.0,0.0,1.0,0.0,0.0,0.0,2.0,0.0,0.0,0.0,4.97,0.0,0.0,16.32868825,5
0.0,0.0,1.0,0.0,0.0,0.0,0.0,0.0,0.0,0.0,0.0,5.0,0.0,1.0,22.58775696,5
1.0,1.0,0.0,0.0,0.0,0.0,1.0,1.0,0.0,0.0,0.0,5.06,1.0,0.0,23.9945088,7
0.0,0.0,1.0,1.0,0.0,1.0,0.0,0.0,0.0,0.0,0.0,5.02,0.0,0.0,20.79618399,8
1.0,1.0,1.0,0.0,0.0,0.0,1.0,1.0,0.0,0.0,1.0,4.96,0.0,0.0,17.58986941,4
1.0,1.0,0.0,0.0,0.0,0.0,1.0,0.0,0.0,0.0,0.0,5.01,0.0,1.0,19.54706166,5
0.0,1.0,1.0,0.0,0.0,1.0,0.0,1.0,0.0,0.0,0.0,5.08,0.0,0.0,17.03464933,6
2.0,0.0,0.0,1.0,0.0,0.0,1.0,0.0,0.0,0.0,1.0,4.98,0.0,0.0,16.84029529,3
0.0,0.0,1.0,0.0,1.0,1.0,0.0,0.0,0.0,0.0,0.0,5.04,0.0,0.0,17.34746865,8
0.0,0.0,0.0,1.0,0.0,1.0,1.0,0.0,0.0,0.0,0.0,5.04,0.0,0.0,21.31235,7
0.0,0.0,0.0,0.0,0.0,0.0,1.0,1.0,0.0,0.0,1.0,5.15,1.0,0.0,20.30995862,5
0.0,1.0,1.0,0.0,0.0,0.0,0.0,1.0,0.0,0.0,0.0,5.03,0.0,0.0,20.79182283,6
0.0,0.0,1.0,0.0,0.0,1.0,0.0,0.0,1.0,0.0,0.0,5.04,0.0,1.0,24.83705705,9
1.0,1.0,0.0,0.0,0.0,0.0,1.0,0.0,0.0,0.0,1.0,4.96,0.0,1.0,17.58986941,3
2.0,0.0,0.0,0.0,0.0,1.0,1.0,1.0,0.0,0.0,0.0,4.99,0.0,0.0,23.63853492,3
0.0,0.0,0.0,0.0,0.0,1.0,0.0,0.0,0.0,0.0,0.0,5.08,0.0,0.0,21.27345826,7
0.0,1.0,0.0,0.0,0.0,0.0,1.0,0.0,0.0,0.0,1.0,4.99,1.0,0.0,16.24258944,3
1.0,0.0,0.0,1.0,0.0,0.0,1.0,1.0,0.0,0.0,0.0,4.99,0.0,0.0,16.182,7
1.0,0.0,0.0,0.0,1.0,1.0,0.0,1.0,0.0,0.0,0.0,4.97,0.0,0.0,16.8046167,5
0.0,0.0,0.0,1.0,1.0,1.0,0.0,1.0,0.0,0.0,0.0,4.99,0.0,0.0,16.9132879,6
0.0,0.0,0.0,0.0,1.0,0.0,0.0,1.0,1.0,0.0,0.0,5.1,0.0,0.0,19.66372832,7
1.0,1.0,0.0,0.0,0.0,1.0,1.0,0.0,0.0,0.0,1.0,5.07,0.0,0.0,22.93353,7
0.0,0.0,0.0,0.0,0.0,1.0,1.0,0.0,0.0,0.0,0.0,5.11,0.0,1.0,23.26668908,4
0.0,0.0,0.0,0.0,0.0,1.0,1.0,0.0,0.0,0.0,0.0,5.04,0.0,0.0,23.44888132,7
0.0,2.0,0.0,0.0,0.0,0.0,0.0,0.0,0.0,0.0,0.0,5.06,0.0,0.0,20.57765517,6
1.0,2.0,0.0,0.0,1.0,0.0,1.0,0.0,1.0,0.0,0.0,4.97,0.0,0.0,20.75042053,4
0.0,0.0,1.0,0.0,1.0,1.0,0.0,0.0,0.0,0.0,0.0,5.06,0.0,0.0,24.06409167,6
0.0,1.0,1.0,1.0,0.0,0.0,0.0,0.0,0.0,0.0,0.0,5.04,0.0,0.0,20.23410405,8
1.0,1.0,0.0,0.0,1.0,1.0,0.0,1.0,0.0,0.0,0.0,5.13,1.0,0.0,23.92605833,6
1.0,0.0,0.0,0.0,0.0,1.0,1.0,0.0,0.0,0.0,0.0,5.06,0.0,1.0,22.21796,5
0.0,0.0,0.0,1.0,0.0,1.0,1.0,0.0,1.0,0.0,0.0,5.06,0.0,0.0,23.9945088,8
1.0,2.0,0.0,0.0,0.0,0.0,0.0,1.0,0.0,0.0,0.0,4.99,0.0,1.0,16.182,3
1.0,1.0,0.0,0.0,0.0,0.0,1.0,0.0,0.0,0.0,0.0,4.99,0.0,0.0,16.182,4
1.0,0.0,0.0,0.0,0.0,1.0,1.0,0.0,0.0,0.0,0.0,5.01,0.0,0.0,22.38886996,6
0.0,2.0,0.0,0.0,1.0,1.0,0.0,1.0,0.0,0.0,1.0,4.99,1.0,0.0,16.24258944,5
0.0,1.0,0.0,0.0,0.0,0.0,1.0,1.0,0.0,0.0,0.0,5.13,0.0,0.0,24.492375,5
0.0,1.0,0.0,0.0,0.0,0.0,0.0,0.0,0.0,1.0,1.0,5.06,0.0,0.0,20.09176301,5
1.0,0.0,1.0,0.0,0.0,1.0,1.0,0.0,1.0,0.0,0.0,4.99,0.0,0.0,16.182,7
0.0,1.0,0.0,0.0,0.0,0.0,1.0,0.0,0.0,0.0,0.0,5.12,0.0,0.0,16.36475298,5
0.0,0.0,1.0,1.0,0.0,1.0,0.0,1.0,0.0,0.0,0.0,5.03,0.0,0.0,16.97957978,8
1.0,0.0,0.0,0.0,0.0,0.0,0.0,0.0,0.0,0.0,0.0,5.09,0.0,0.0,19.59817919,4
0.0,1.0,0.0,1.0,1.0,0.0,0.0,1.0,0.0,0.0,0.0,5.02,0.0,0.0,16.59946122,7
1.0,1.0,0.0,0.0,1.0,1.0,1.0,0.0,0.0,0.0,0.0,4.94,0.0,0.0,16.98132373,8
1.0,1.0,0.0,0.0,0.0,1.0,0.0,1.0,0.0,0.0,0.0,5.1,0.0,0.0,23.43269333,5
0.0,0.0,1.0,1.0,1.0,0.0,0.0,0.0,1.0,0.0,0.0,4.99,0.0,0.0,20.52279387,9
0.0,0.0,0.0,1.0,1.0,1.0,0.0,0.0,0.0,0.0,0.0,5.06,0.0,0.0,17.25293544,7
1.0,0.0,0.0,0.0,0.0,1.0,1.0,0.0,0.0,0.0,0.0,4.97,0.0,0.0,20.75042053,5
1.0,1.0,1.0,0.0,0.0,1.0,1.0,1.0,1.0,0.0,0.0,5.05,0.0,0.0,19.82575626,4
1.0,1.0,0.0,0.0,0.0,1.0,1.0,1.0,0.0,0.0,0.0,5.05,0.0,0.0,16.63387366,4
2.0,2.0,0.0,0.0,0.0,0.0,0.0,1.0,0.0,0.0,0.0,5.06,0.0,0.0,16.25667235,3
0.0,1.0,1.0,0.0,0.0,1.0,0.0,0.0,0.0,0.0,0.0,5.03,0.0,0.0,23.61850085,4
0.0,1.0,0.0,0.0,0.0,1.0,0.0,0.0,1.0,0.0,0.0,4.94,0.0,0.0,16.98132373,8
0.0,1.0,0.0,1.0,1.0,1.0,0.0,0.0,0.0,0.0,0.0,5.12,0.0,0.0,16.36475298,7
1.0,2.0,1.0,0.0,0.0,1.0,0.0,2.0,0.0,1.0,0.0,5.02,1.0,0.0,27.83124161,2
1.0,0.0,0.0,0.0,0.0,0.0,1.0,0.0,0.0,0.0,0.0,5.06,0.0,0.0,16.77078495,6
1.0,1.0,0.0,0.0,0.0,0.0,1.0,0.0,0.0,0.0,0.0,5.1,0.0,0.0,16.59760931,5
1.0,1.0,0.0,0.0,0.0,1.0,0.0,0.0,0.0,0.0,0.0,5.08,0.0,1.0,20.04344828,7
0.0,1.0,0.0,0.0,0.0,0.0,0.0,0.0,0.0,0.0,0.0,5.15,1.0,0.0,20.76175862,6
2.0,0.0,0.0,0.0,0.0,0.0,1.0,0.0,0.0,0.0,1.0,5.02,0.0,0.0,17.13424988,2
2.0,2.0,0.0,0.0,1.0,0.0,1.0,2.0,0.0,1.0,0.0,5.02,0.0,0.0,16.44198183,3
1.0,0.0,0.0,1.0,0.0,0.0,1.0,0.0,0.0,0.0,1.0,5.02,0.0,0.0,20.69212947,5
0.0,0.0,0.0,1.0,1.0,1.0,0.0,0.0,1.0,0.0,0.0,5.07,0.0,1.0,24.8558,9
0.0,1.0,1.0,1.0,0.0,1.0,0.0,0.0,0.0,0.0,0.0,5.0,0.0,0.0,26.6561272,6
1.0,0.0,0.0,0.0,0.0,0.0,1.0,0.0,0.0,0.0,1.0,4.98,0.0,0.0,23.090318,4
0.0,1.0,0.0,1.0,0.0,0.0,0.0,0.0,1.0,0.0,0.0,5.03,0.0,0.0,16.97957978,6
1.0,2.0,0.0,0.0,0.0,1.0,1.0,1.0,0.0,1.0,1.0,4.99,0.0,1.0,20.52279387,2
1.0,0.0,0.0,0.0,0.0,0.0,1.0,0.0,0.0,0.0,0.0,5.06,0.0,0.0,20.6053931,7
0.0,0.0,0.0,0.0,0.0,1.0,0.0,0.0,1.0,0.0,0.0,5.11,0.0,0.0,23.26668908,8
1.0,1.0,1.0,0.0,0.0,0.0,0.0,0.0,0.0,0.0,0.0,5.0,0.0,0.0,21.86684838,6
1.0,1.0,0.0,0.0,0.0,0.0,0.0,0.0,0.0,0.0,0.0,5.02,0.0,0.0,23.33134583,5
1.0,0.0,1.0,0.0,1.0,1.0,1.0,1.0,0.0,0.0,0.0,5.04,0.0,0.0,20.02932081,7
0.0,0.0,0.0,0.0,0.0,0.0,1.0,0.0,0.0,0.0,0.0,5.08,0.0,0.0,21.27345826,8
0.0,0.0,1.0,0.0,1.0,1.0,0.0,0.0,0.0,0.0,0.0,5.0,0.0,1.0,25.09908007,5
0.0,1.0,1.0,0.0,0.0,1.0,0.0,0.0,0.0,0.0,0.0,5.08,0.0,0.0,21.27345826,6
0.0,1.0,0.0,0.0,0.0,0.0,1.0,0.0,0.0,0.0,0.0,5.08,0.0,0.0,16.61396913,7
0.0,0.0,1.0,1.0,0.0,1.0,0.0,0.0,1.0,0.0,0.0,5.01,0.0,0.0,23.62768313,8
1.0,1.0,0.0,0.0,0.0,0.0,0.0,2.0,0.0,0.0,0.0,5.06,0.0,0.0,23.16366639,5
1.0,0.0,0.0,0.0,0.0,0.0,1.0,0.0,0.0,0.0,0.0,5.08,0.0,0.0,16.92418021,3
1.0,1.0,0.0,1.0,1.0,0.0,1.0,1.0,0.0,0.0,0.0,5.05,0.0,0.0,17.51919647,6
1.0,0.0,0.0,1.0,0.0,0.0,0.0,0.0,0.0,0.0,0.0,5.03,0.0,0.0,16.73512308,6
0.0,0.0,0.0,0.0,1.0,1.0,0.0,1.0,0.0,0.0,0.0,4.98,0.0,0.0,23.13697899,6
1.0,1.0,0.0,0.0,0.0,1.0,1.0,0.0,0.0,0.0,1.0,5.03,0.0,0.0,16.15618868,4
0.0,0.0,0.0,1.0,0.0,1.0,0.0,1.0,0.0,0.0,0.0,5.08,0.0,0.0,23.98242667,8
0.0,1.0,1.0,1.0,0.0,1.0,0.0,0.0,1.0,0.0,0.0,5.02,0.0,0.0,20.6129722,9
0.0,1.0,0.0,0.0,0.0,0.0,1.0,0.0,0.0,0.0,0.0,5.05,0.0,1.0,19.64248555,7
1.0,0.0,0.0,0.0,0.0,0.0,1.0,1.0,0.0,0.0,0.0,5.04,0.0,0.0,20.02932081,6
0.0,0.0,0.0,0.0,0.0,0.0,1.0,0.0,0.0,0.0,0.0,5.02,0.0,0.0,16.59946122,5
1.0,1.0,0.0,0.0,1.0,0.0,0.0,0.0,0.0,0.0,0.0,5.08,0.0,0.0,24.65228571,5
1.0,1.0,0.0,0.0,0.0,0.0,1.0,0.0,0.0,0.0,0.0,5.04,0.0,1.0,22.48859739,6
0.0,0.0,0.0,0.0,0.0,0.0,1.0,0.0,0.0,0.0,0.0,5.11,0.0,0.0,19.45402759,6
0.0,1.0,0.0,1.0,0.0,0.0,0.0,0.0,0.0,0.0,0.0,5.11,0.0,1.0,23.26668908,7
0.0,0.0,0.0,0.0,0.0,0.0,1.0,0.0,0.0,0.0,1.0,5.1,0.0,0.0,19.3421869,8
1.0,1.0,0.0,0.0,0.0,0.0,1.0,1.0,0.0,0.0,0.0,5.04,0.0,0.0,20.02932081,4
1.0,0.0,0.0,0.0,0.0,1.0,1.0,0.0,1.0,0.0,0.0,4.97,0.0,1.0,16.98679981,8
0.0,1.0,0.0,0.0,1.0,0.0,1.0,0.0,0.0,0.0,0.0,5.08,1.0,0.0,21.24667802,6
2.0,1.0,0.0,0.0,0.0,0.0,1.0,1.0,0.0,0.0,0.0,5.04,0.0,0.0,23.79842017,5
1.0,0.0,0.0,0.0,0.0,0.0,1.0,1.0,0.0,0.0,0.0,5.01,0.0,0.0,16.40090566,6
0.0,1.0,0.0,0.0,0.0,1.0,0.0,0.0,0.0,0.0,0.0,5.06,0.0,1.0,24.39167114,6
0.0,0.0,0.0,0.0,0.0,0.0,0.0,1.0,0.0,0.0,0.0,4.98,0.0,0.0,16.84029529,7
0.0,0.0,1.0,0.0,1.0,1.0,0.0,1.0,0.0,0.0,0.0,5.03,0.0,1.0,22.69721477,7
0.0,0.0,0.0,0.0,0.0,1.0,0.0,0.0,0.0,0.0,0.0,5.06,1.0,0.0,24.06409167,7
0.0,1.0,0.0,1.0,1.0,0.0,1.0,1.0,1.0,0.0,0.0,5.09,0.0,0.0,20.97153179,4
0.0,0.0,1.0,0.0,0.0,1.0,0.0,0.0,0.0,0.0,0.0,5.03,0.0,0.0,23.61850085,7
0.0,1.0,0.0,0.0,1.0,1.0,0.0,1.0,0.0,0.0,0.0,5.15,0.0,0.0,20.76175862,7
0.0,0.0,1.0,1.0,1.0,1.0,0.0,0.0,1.0,0.0,0.0,5.03,0.0,0.0,20.99829074,8
2.0,1.0,0.0,0.0,0.0,0.0,1.0,0.0,0.0,0.0,0.0,4.97,1.0,0.0,16.54689355,4
2.0,2.0,0.0,0.0,1.0,0.0,0.0,0.0,0.0,0.0,0.0,5.04,0.0,0.0,20.67553813,3
0.0,1.0,1.0,0.0,1.0,1.0,0.0,1.0,1.0,0.0,0.0,5.05,0.0,0.0,23.39778535,7
2.0,2.0,0.0,0.0,0.0,1.0,0.0,2.0,0.0,0.0,0.0,5.08,0.0,0.0,20.05915895,3
0.0,0.0,0.0,0.0,0.0,0.0,0.0,0.0,0.0,0.0,0.0,5.1,0.0,1.0,21.06042589,7
0.0,0.0,1.0,1.0,1.0,1.0,0.0,0.0,0.0,0.0,0.0,5.01,0.0,0.0,16.91967064,7
0.0,0.0,1.0,0.0,0.0,0.0,0.0,0.0,1.0,0.0,0.0,5.04,0.0,0.0,20.67553813,6
2.0,1.0,0.0,0.0,0.0,1.0,0.0,0.0,0.0,0.0,0.0,5.03,0.0,0.0,20.79182283,4
2.0,0.0,0.0,0.0,0.0,1.0,1.0,0.0,0.0,0.0,0.0,4.97,0.0,0.0,16.54689355,6
0.0,0.0,1.0,0.0,1.0,1.0,0.0,0.0,0.0,0.0,0.0,5.09,0.0,0.0,19.59817919,9
1.0,1.0,0.0,0.0,1.0,1.0,1.0,0.0,0.0,0.0,1.0,4.95,0.0,0.0,16.14680863,4
0.0,0.0,0.0,1.0,0.0,0.0,0.0,0.0,1.0,0.0,0.0,5.07,0.0,0.0,23.12165153,7
1.0,0.0,0.0,1.0,0.0,0.0,1.0,0.0,0.0,0.0,0.0,4.97,1.0,1.0,17.41910962,2
0.0,0.0,0.0,0.0,1.0,1.0,0.0,0.0,1.0,0.0,0.0,4.98,0.0,1.0,17.50510091,8
0.0,0.0,0.0,0.0,1.0,1.0,0.0,0.0,1.0,0.0,0.0,5.04,0.0,0.0,20.02932081,8
0.0,0.0,0.0,0.0,0.0,1.0,1.0,1.0,0.0,0.0,1.0,5.01,0.0,1.0,20.29815029,7
1.0,2.0,0.0,0.0,1.0,0.0,0.0,1.0,0.0,0.0,0.0,5.05,0.0,0.0,16.63387366,3
1.0,0.0,0.0,0.0,0.0,1.0,0.0,0.0,0.0,0.0,0.0,4.96,1.0,0.0,17.58986941,4
0.0,1.0,0.0,0.0,1.0,1.0,0.0,1.0,0.0,0.0,0.0,5.08,0.0,0.0,17.03464933,6
1.0,1.0,0.0,0.0,0.0,1.0,1.0,0.0,0.0,0.0,0.0,5.03,1.0,0.0,16.15618868,5
2.0,0.0,0.0,0.0,0.0,0.0,1.0,1.0,0.0,0.0,1.0,5.03,0.0,0.0,20.99829074,3
0.0,0.0,1.0,0.0,0.0,1.0,0.0,0.0,0.0,0.0,0.0,5.01,0.0,0.0,19.43946897,8
1.0,0.0,0.0,0.0,0.0,0.0,0.0,0.0,0.0,0.0,1.0,5.04,1.0,0.0,19.37757225,7
0.0,1.0,0.0,0.0,1.0,0.0,0.0,0.0,0.0,0.0,0.0,5.05,0.0,0.0,22.94250667,5
1.0,1.0,0.0,0.0,0.0,0.0,0.0,1.0,0.0,0.0,1.0,5.01,1.0,1.0,22.38886996,3
0.0,0.0,0.0,0.0,1.0,1.0,0.0,0.0,0.0,0.0,0.0,5.02,0.0,0.0,19.56651252,6
1.0,0.0,0.0,0.0,0.0,1.0,1.0,1.0,0.0,0.0,0.0,5.02,0.0,0.0,20.69212947,5
0.0,0.0,0.0,0.0,0.0,1.0,0.0,0.0,0.0,0.0,0.0,5.02,0.0,1.0,23.33134583,6
1.0,1.0,0.0,0.0,0.0,0.0,0.0,1.0,0.0,0.0,0.0,5.07,1.0,0.0,24.3972605,2
1.0,1.0,0.0,1.0,0.0,0.0,0.0,1.0,1.0,0.0,0.0,5.08,0.0,0.0,24.65228571,4
0.0,0.0,0.0,0.0,1.0,1.0,1.0,0.0,0.0,0.0,0.0,5.08,0.0,0.0,21.43162976,7
1.0,0.0,1.0,1.0,0.0,0.0,0.0,0.0,0.0,0.0,0.0,5.0,0.0,0.0,16.41680863,8
0.0,1.0,0.0,1.0,0.0,0.0,0.0,1.0,0.0,0.0,0.0,5.08,0.0,1.0,16.61482112,7
0.0,0.0,0.0,0.0,1.0,1.0,0.0,0.0,0.0,0.0,0.0,5.04,1.0,0.0,24.13517647,5
2.0,0.0,0.0,0.0,0.0,0.0,1.0,0.0,0.0,1.0,0.0,5.05,0.0,0.0,20.82214651,4
0.0,1.0,1.0,1.0,0.0,0.0,0.0,1.0,1.0,0.0,0.0,5.08,0.0,0.0,20.05915895,8
2.0,1.0,0.0,0.0,0.0,0.0,0.0,1.0,0.0,1.0,0.0,5.07,1.0,1.0,17.21277288,2
0.0,0.0,1.0,1.0,1.0,1.0,0.0,0.0,1.0,0.0,0.0,5.06,0.0,0.0,22.21796,9
1.0,2.0,0.0,0.0,0.0,0.0,0.0,0.0,0.0,0.0,0.0,5.07,0.0,0.0,22.95375723,3
0.0,1.0,0.0,1.0,1.0,0.0,0.0,1.0,1.0,0.0,0.0,5.06,0.0,0.0,20.57765517,8
1.0,0.0,0.0,0.0,0.0,0.0,0.0,1.0,0.0,0.0,0.0,5.11,0.0,0.0,23.26668908,7
2.0,2.0,0.0,1.0,0.0,0.0,0.0,1.0,0.0,0.0,0.0,5.01,0.0,0.0,16.34325287,4
0.0,0.0,0.0,1.0,1.0,1.0,0.0,0.0,0.0,0.0,1.0,5.1,0.0,0.0,24.20130201,8
1.0,1.0,1.0,0.0,1.0,0.0,1.0,0.0,0.0,0.0,0.0,5.1,0.0,0.0,21.06042589,7
1.0,0.0,0.0,0.0,1.0,1.0,0.0,0.0,0.0,0.0,0.0,4.99,0.0,0.0,23.63853492,8
0.0,1.0,0.0,0.0,1.0,1.0,0.0,0.0,0.0,0.0,0.0,5.07,0.0,0.0,23.12165153,5
1.0,1.0,0.0,0.0,0.0,0.0,1.0,0.0,0.0,0.0,0.0,5.04,0.0,1.0,16.73130194,7
2.0,1.0,0.0,0.0,0.0,0.0,1.0,1.0,0.0,0.0,1.0,5.04,0.0,1.0,22.48859739,3
0.0,1.0,0.0,0.0,0.0,0.0,0.0,1.0,0.0,0.0,1.0,5.12,0.0,0.0,21.30333103,5
0.0,0.0,1.0,0.0,0.0,1.0,0.0,0.0,0.0,0.0,0.0,5.01,0.0,0.0,16.91967064,9
0.0,1.0,0.0,0.0,1.0,1.0,0.0,0.0,0.0,0.0,0.0,5.02,1.0,1.0,19.56651252,4
1.0,1.0,1.0,0.0,0.0,1.0,0.0,0.0,0.0,0.0,1.0,5.04,0.0,1.0,19.94705202,6
0.0,0.0,0.0,0.0,1.0,1.0,1.0,0.0,0.0,0.0,1.0,5.05,0.0,1.0,20.82214651,7
0.0,0.0,0.0,0.0,0.0,0.0,0.0,0.0,0.0,0.0,1.0,4.99,1.0,0.0,23.63853492,3
0.0,0.0,0.0,1.0,1.0,0.0,1.0,0.0,0.0,0.0,0.0,5.11,1.0,0.0,19.45402759,6
1.0,1.0,0.0,0.0,0.0,0.0,1.0,1.0,0.0,0.0,0.0,5.0,0.0,1.0,20.01021195,7
0.0,2.0,0.0,1.0,1.0,0.0,1.0,0.0,0.0,0.0,0.0,5.06,0.0,0.0,20.57765517,7
0.0,1.0,1.0,1.0,1.0,1.0,0.0,1.0,0.0,0.0,0.0,5.02,0.0,0.0,17.13424988,7
1.0,0.0,0.0,1.0,0.0,0.0,1.0,0.0,0.0,0.0,0.0,5.03,0.0,0.0,19.94797688,7
1.0,1.0,0.0,0.0,0.0,1.0,1.0,0.0,0.0,0.0,0.0,5.08,0.0,1.0,20.38346394,6
0.0,1.0,0.0,0.0,0.0,1.0,0.0,1.0,0.0,0.0,0.0,5.05,0.0,1.0,19.82575626,3
1.0,1.0,0.0,0.0,0.0,0.0,1.0,2.0,0.0,0.0,0.0,5.08,0.0,0.0,17.03464933,3
0.0,0.0,0.0,1.0,1.0,0.0,0.0,0.0,0.0,0.0,0.0,5.07,0.0,0.0,25.39032,6
1.0,0.0,1.0,0.0,1.0,0.0,1.0,0.0,0.0,0.0,0.0,5.07,1.0,0.0,24.8558,8
0.0,0.0,0.0,0.0,1.0,0.0,0.0,1.0,1.0,0.0,0.0,5.05,0.0,0.0,19.82575626,7
2.0,1.0,0.0,0.0,0.0,0.0,0.0,0.0,0.0,0.0,0.0,5.09,0.0,1.0,20.97153179,3
0.0,0.0,1.0,0.0,0.0,0.0,0.0,1.0,1.0,0.0,0.0,5.1,0.0,0.0,20.15248276,8
0.0,1.0,1.0,1.0,1.0,1.0,0.0,0.0,0.0,0.0,0.0,5.0,0.0,0.0,16.41680863,7
1.0,1.0,0.0,0.0,1.0,0.0,0.0,0.0,1.0,0.0,1.0,4.98,0.0,0.0,16.36198491,4
0.0,0.0,0.0,0.0,0.0,0.0,0.0,0.0,0.0,0.0,0.0,5.05,0.0,0.0,16.63387366,6
0.0,1.0,1.0,0.0,1.0,1.0,0.0,1.0,0.0,0.0,0.0,5.08,0.0,0.0,20.05915895,7
2.0,2.0,0.0,0.0,0.0,1.0,0.0,1.0,0.0,0.0,0.0,5.1,0.0,0.0,16.59760931,2
0.0,0.0,0.0,0.0,0.0,0.0,0.0,0.0,0.0,0.0,1.0,5.04,0.0,0.0,15.91308348,4
1.0,1.0,0.0,0.0,1.0,0.0,1.0,1.0,0.0,0.0,0.0,5.07,0.0,0.0,20.79476835,4
0.0,0.0,0.0,1.0,1.0,1.0,0.0,0.0,0.0,0.0,0.0,5.15,0.0,0.0,20.30995862,8
0.0,0.0,0.0,0.0,1.0,1.0,0.0,0.0,1.0,0.0,0.0,5.05,0.0,0.0,16.16303237,9
1.0,0.0,0.0,0.0,0.0,0.0,1.0,1.0,0.0,0.0,0.0,5.01,1.0,0.0,19.43946897,5
0.0,0.0,0.0,1.0,1.0,1.0,0.0,0.0,0.0,0.0,0.0,5.09,0.0,0.0,20.84068966,7
1.0,1.0,0.0,0.0,0.0,0.0,0.0,0.0,0.0,0.0,1.0,4.97,1.0,0.0,16.32868825,4
1.0,1.0,1.0,0.0,0.0,1.0,0.0,0.0,0.0,0.0,0.0,5.08,0.0,0.0,13.97063168,6
1.0,0.0,1.0,1.0,1.0,1.0,0.0,0.0,1.0,0.0,0.0,5.12,0.0,0.0,21.31247587,7
1.0,1.0,0.0,0.0,0.0,0.0,0.0,1.0,0.0,0.0,0.0,5.06,1.0,0.0,20.05112235,6
0.0,0.0,0.0,0.0,1.0,0.0,0.0,0.0,0.0,0.0,0.0,5.07,0.0,1.0,24.82826667,7
0.0,1.0,1.0,0.0,1.0,1.0,0.0,0.0,0.0,1.0,1.0,5.07,0.0,0.0,21.21118683,6
0.0,1.0,0.0,1.0,0.0,0.0,0.0,0.0,0.0,0.0,0.0,5.08,0.0,0.0,16.61482112,8
1.0,0.0,0.0,0.0,0.0,0.0,1.0,0.0,0.0,0.0,0.0,5.04,0.0,1.0,16.52451128,3
0.0,1.0,0.0,1.0,0.0,1.0,1.0,0.0,1.0,0.0,1.0,5.01,1.0,0.0,16.40531816,5
0.0,0.0,0.0,0.0,0.0,0.0,1.0,0.0,0.0,0.0,0.0,4.97,0.0,0.0,17.41910962,7
0.0,1.0,0.0,1.0,0.0,1.0,0.0,1.0,0.0,0.0,0.0,5.04,0.0,0.0,23.79842017,6
0.0,0.0,1.0,0.0,1.0,1.0,0.0,0.0,0.0,0.0,0.0,5.02,0.0,0.0,19.56651252,7
1.0,0.0,0.0,0.0,0.0,0.0,0.0,0.0,0.0,0.0,1.0,5.01,0.0,0.0,16.34325287,7
1.0,0.0,1.0,1.0,0.0,1.0,0.0,0.0,0.0,0.0,0.0,5.04,0.0,0.0,16.86816535,7
0.0,2.0,0.0,0.0,1.0,0.0,0.0,1.0,1.0,0.0,0.0,5.07,0.0,0.0,23.12165153,4
0.0,2.0,0.0,0.0,0.0,1.0,0.0,1.0,0.0,0.0,0.0,5.05,0.0,0.0,16.16303237,3
0.0,0.0,0.0,0.0,1.0,1.0,1.0,0.0,0.0,0.0,0.0,5.04,0.0,0.0,19.37757225,8
0.0,0.0,0.0,0.0,1.0,1.0,0.0,1.0,1.0,0.0,0.0,5.04,0.0,0.0,21.31235,7
0.0,0.0,1.0,0.0,1.0,1.0,0.0,0.0,0.0,0.0,0.0,5.15,0.0,0.0,20.76175862,8
1.0,1.0,1.0,0.0,0.0,1.0,0.0,1.0,0.0,0.0,0.0,5.06,0.0,1.0,24.06409167,6
0.0,1.0,0.0,0.0,0.0,0.0,1.0,0.0,0.0,0.0,0.0,4.98,0.0,1.0,23.13697899,5
1.0,1.0,0.0,0.0,1.0,0.0,1.0,0.0,0.0,0.0,0.0,5.04,0.0,1.0,16.52451128,3
1.0,0.0,0.0,0.0,1.0,0.0,1.0,0.0,0.0,0.0,0.0,5.12,0.0,0.0,24.36373333,5
0.0,1.0,0.0,0.0,0.0,0.0,0.0,2.0,0.0,0.0,0.0,5.04,1.0,0.0,20.67553813,5
1.0,0.0,0.0,0.0,0.0,1.0,0.0,0.0,0.0,0.0,0.0,5.05,0.0,0.0,23.9349125,6
1.0,1.0,0.0,0.0,0.0,1.0,1.0,0.0,0.0,0.0,0.0,5.02,0.0,1.0,16.49862642,4
0.0,1.0,0.0,1.0,0.0,0.0,0.0,1.0,0.0,0.0,0.0,5.11,0.0,0.0,23.26668908,6
0.0,0.0,1.0,1.0,1.0,0.0,0.0,0.0,1.0,1.0,0.0,4.97,0.0,1.0,17.6271666,8
0.0,0.0,1.0,1.0,0.0,1.0,0.0,0.0,0.0,0.0,0.0,5.03,0.0,1.0,20.99829074,7
1.0,0.0,0.0,0.0,0.0,0.0,1.0,0.0,0.0,0.0,0.0,4.98,0.0,0.0,17.50510091,3
0.0,0.0,1.0,0.0,1.0,1.0,0.0,0.0,1.0,0.0,0.0,5.02,0.0,0.0,20.79618399,8
0.0,0.0,0.0,0.0,1.0,1.0,0.0,0.0,1.0,0.0,0.0,5.07,0.0,0.0,19.85620906,8
0.0,0.0,0.0,0.0,1.0,1.0,1.0,0.0,0.0,0.0,0.0,5.0,0.0,1.0,24.55751667,6
0.0,0.0,0.0,0.0,0.0,1.0,0.0,0.0,0.0,0.0,0.0,5.1,0.0,0.0,24.20130201,8
1.0,0.0,0.0,0.0,0.0,0.0,1.0,0.0,0.0,0.0,0.0,5.06,1.0,0.0,24.06409167,4
1.0,1.0,0.0,0.0,0.0,0.0,1.0,1.0,0.0,0.0,0.0,4.95,0.0,0.0,16.14680863,3
2.0,1.0,0.0,0.0,0.0,0.0,0.0,0.0,0.0,0.0,1.0,4.95,1.0,0.0,17.19537,3
1.0,1.0,0.0,0.0,1.0,0.0,0.0,0.0,0.0,0.0,0.0,5.04,0.0,0.0,17.27146772,4
1.0,0.0,0.0,0.0,0.0,0.0,1.0,0.0,0.0,0.0,0.0,5.11,0.0,0.0,23.26668908,4
1.0,0.0,0.0,0.0,0.0,0.0,1.0,0.0,0.0,0.0,0.0,5.05,0.0,0.0,23.39778535,5
0.0,1.0,0.0,0.0,0.0,1.0,0.0,1.0,0.0,0.0,0.0,5.04,0.0,0.0,22.48859739,7
1.0,0.0,0.0,0.0,0.0,0.0,1.0,0.0,1.0,0.0,0.0,5.07,0.0,1.0,24.3972605,6
0.0,0.0,0.0,0.0,0.0,1.0,0.0,1.0,0.0,1.0,0.0,5.03,0.0,0.0,16.15618868,4
1.0,0.0,0.0,0.0,0.0,0.0,0.0,1.0,0.0,0.0,0.0,5.04,0.0,0.0,21.31235,7
1.0,0.0,0.0,0.0,1.0,1.0,0.0,0.0,0.0,0.0,0.0,5.08,0.0,0.0,20.04344828,6
0.0,1.0,0.0,0.0,0.0,1.0,0.0,0.0,0.0,0.0,0.0,5.04,0.0,0.0,24.13517647,7
0.0,1.0,0.0,0.0,1.0,0.0,0.0,0.0,0.0,0.0,0.0,5.04,0.0,0.0,17.27146772,7
0.0,0.0,0.0,0.0,1.0,0.0,1.0,0.0,0.0,0.0,0.0,5.08,0.0,0.0,13.97063168,6
0.0,1.0,1.0,0.0,1.0,1.0,0.0,0.0,0.0,0.0,0.0,5.08,0.0,0.0,23.98242667,7
0.0,1.0,0.0,0.0,1.0,1.0,0.0,0.0,0.0,0.0,0.0,5.08,0.0,0.0,20.60491034,7
0.0,0.0,1.0,0.0,1.0,1.0,0.0,0.0,0.0,0.0,0.0,5.06,0.0,0.0,24.39167114,9
2.0,1.0,0.0,0.0,0.0,0.0,1.0,0.0,0.0,0.0,0.0,5.04,0.0,0.0,19.37757225,5
0.0,0.0,0.0,0.0,0.0,0.0,1.0,0.0,0.0,0.0,0.0,5.15,0.0,0.0,20.76175862,7
0.0,0.0,0.0,0.0,0.0,0.0,1.0,1.0,0.0,1.0,0.0,5.04,0.0,1.0,20.23410405,4
0.0,1.0,0.0,0.0,0.0,0.0,0.0,0.0,0.0,0.0,0.0,5.15,0.0,0.0,20.30995862,7
0.0,1.0,0.0,0.0,1.0,0.0,0.0,0.0,0.0,0.0,0.0,5.02,0.0,1.0,23.33134583,7
0.0,0.0,0.0,1.0,1.0,0.0,0.0,0.0,1.0,0.0,0.0,5.01,0.0,0.0,16.91967064,7
0.0,2.0,0.0,0.0,0.0,0.0,0.0,2.0,0.0,0.0,0.0,4.98,0.0,0.0,20.760636,7
1.0,0.0,0.0,0.0,0.0,0.0,1.0,0.0,0.0,0.0,0.0,4.98,0.0,0.0,17.50510091,3
1.0,1.0,0.0,0.0,1.0,0.0,0.0,1.0,0.0,0.0,0.0,5.06,0.0,0.0,17.25293544,6
1.0,1.0,0.0,0.0,0.0,1.0,1.0,1.0,0.0,0.0,0.0,5.07,0.0,0.0,24.3972605,7
0.0,0.0,1.0,0.0,1.0,0.0,0.0,0.0,1.0,0.0,0.0,5.07,0.0,0.0,24.82826667,8
0.0,1.0,1.0,0.0,1.0,0.0,0.0,1.0,0.0,0.0,0.0,4.99,0.0,0.0,16.24258944,8
0.0,1.0,0.0,0.0,0.0,0.0,1.0,0.0,0.0,1.0,0.0,5.08,0.0,1.0,23.98242667,4
0.0,1.0,1.0,1.0,1.0,1.0,0.0,0.0,1.0,0.0,0.0,5.05,0.0,0.0,20.82214651,7
0.0,2.0,0.0,0.0,0.0,0.0,0.0,0.0,0.0,0.0,0.0,4.98,1.0,0.0,16.84029529,6
0.0,1.0,1.0,1.0,1.0,1.0,0.0,0.0,0.0,0.0,0.0,5.12,0.0,0.0,21.31247587,7
2.0,1.0,0.0,0.0,0.0,0.0,1.0,1.0,0.0,0.0,0.0,5.08,0.0,1.0,16.65302335,2
0.0,0.0,1.0,1.0,1.0,1.0,0.0,0.0,0.0,0.0,0.0,5.05,0.0,0.0,20.82214651,9
1.0,1.0,0.0,0.0,0.0,0.0,0.0,2.0,0.0,0.0,0.0,5.15,0.0,0.0,20.76175862,4
1.0,0.0,0.0,0.0,0.0,1.0,0.0,0.0,0.0,0.0,0.0,5.07,0.0,1.0,20.79476835,4
1.0,0.0,0.0,0.0,0.0,0.0,1.0,0.0,0.0,0.0,0.0,5.0,0.0,0.0,16.41680863,4
1.0,0.0,0.0,0.0,0.0,1.0,1.0,0.0,0.0,0.0,0.0,5.03,0.0,1.0,16.15618868,6
1.0,0.0,0.0,0.0,1.0,1.0,1.0,0.0,0.0,1.0,0.0,4.98,0.0,0.0,23.090318,6
0.0,0.0,0.0,0.0,1.0,1.0,0.0,0.0,1.0,0.0,0.0,5.12,0.0,0.0,21.30333103,9
0.0,2.0,0.0,0.0,0.0,1.0,0.0,2.0,0.0,0.0,0.0,5.07,0.0,0.0,16.10028961,4
0.0,0.0,0.0,0.0,0.0,1.0,0.0,1.0,1.0,0.0,0.0,5.06,0.0,0.0,20.57765517,8
1.0,0.0,1.0,0.0,1.0,1.0,0.0,1.0,0.0,0.0,0.0,5.04,0.0,0.0,20.02932081,9
0.0,2.0,0.0,0.0,1.0,1.0,0.0,1.0,0.0,0.0,0.0,5.01,0.0,1.0,16.34325287,4
0.0,0.0,0.0,0.0,1.0,1.0,0.0,0.0,0.0,0.0,0.0,5.06,0.0,0.0,22.30003303,5
1.0,1.0,0.0,0.0,0.0,0.0,1.0,0.0,0.0,1.0,0.0,5.08,0.0,1.0,21.27345826,3
0.0,0.0,1.0,0.0,0.0,1.0,0.0,0.0,0.0,0.0,0.0,5.03,0.0,1.0,23.61850085,8
1.0,0.0,0.0,0.0,1.0,0.0,0.0,0.0,0.0,0.0,0.0,5.08,0.0,1.0,20.38346394,7
2.0,2.0,0.0,0.0,0.0,0.0,1.0,2.0,0.0,0.0,1.0,5.07,0.0,0.0,23.88992,2
0.0,0.0,0.0,0.0,0.0,0.0,1.0,1.0,0.0,0.0,0.0,5.04,0.0,0.0,16.73130194,5
1.0,0.0,0.0,0.0,0.0,0.0,0.0,0.0,0.0,0.0,0.0,5.0,0.0,0.0,20.01021195,6
2.0,0.0,0.0,0.0,0.0,0.0,1.0,0.0,0.0,0.0,0.0,5.01,0.0,0.0,16.40531816,4
1.0,1.0,1.0,0.0,0.0,1.0,1.0,1.0,0.0,0.0,0.0,5.04,0.0,0.0,19.94705202,6
0.0,0.0,1.0,0.0,1.0,1.0,0.0,0.0,0.0,0.0,0.0,5.12,0.0,0.0,21.31247587,9
1.0,0.0,0.0,0.0,0.0,0.0,1.0,0.0,0.0,0.0,0.0,4.97,0.0,0.0,17.6271666,6
0.0,0.0,0.0,0.0,0.0,1.0,0.0,0.0,1.0,0.0,0.0,5.04,0.0,1.0,24.83705705,6
0.0,1.0,0.0,0.0,0.0,0.0,1.0,0.0,0.0,0.0,0.0,5.03,0.0,1.0,20.99829074,4
1.0,1.0,0.0,1.0,1.0,0.0,0.0,0.0,0.0,0.0,0.0,5.06,1.0,0.0,22.30003303,7
1.0,1.0,0.0,0.0,0.0,0.0,1.0,0.0,0.0,0.0,0.0,5.06,0.0,0.0,23.9945088,3
0.0,0.0,0.0,0.0,1.0,1.0,0.0,0.0,1.0,0.0,0.0,5.07,0.0,0.0,21.21118683,5
0.0,1.0,0.0,0.0,1.0,1.0,0.0,0.0,0.0,0.0,0.0,5.05,0.0,0.0,22.94250667,8
1.0,0.0,0.0,0.0,1.0,1.0,0.0,0.0,1.0,0.0,0.0,5.05,0.0,0.0,17.51919647,7
2.0,2.0,0.0,0.0,0.0,1.0,0.0,2.0,0.0,0.0,1.0,5.06,0.0,0.0,16.25667235,2
0.0,1.0,0.0,0.0,1.0,1.0,0.0,1.0,0.0,0.0,0.0,5.1,0.0,0.0,20.15248276,4
0.0,1.0,1.0,0.0,0.0,1.0,1.0,0.0,0.0,0.0,0.0,5.09,0.0,1.0,20.97153179,6
2.0,2.0,0.0,0.0,0.0,1.0,0.0,2.0,0.0,0.0,0.0,5.05,1.0,0.0,16.16303237,1
1.0,2.0,0.0,0.0,0.0,0.0,0.0,2.0,0.0,0.0,0.0,5.06,0.0,1.0,20.57765517,4
1.0,0.0,0.0,0.0,0.0,0.0,1.0,0.0,0.0,0.0,1.0,5.07,0.0,0.0,24.8558,7
1.0,0.0,0.0,1.0,1.0,1.0,0.0,0.0,0.0,0.0,0.0,5.13,0.0,0.0,24.492375,8
0.0,1.0,0.0,0.0,0.0,1.0,0.0,0.0,0.0,0.0,0.0,4.99,0.0,0.0,20.52279387,4
0.0,1.0,0.0,0.0,0.0,1.0,0.0,1.0,0.0,0.0,0.0,5.03,0.0,0.0,22.69721477,6
1.0,1.0,0.0,0.0,0.0,0.0,0.0,0.0,0.0,0.0,1.0,5.07,1.0,0.0,23.88992,4
0.0,1.0,0.0,0.0,0.0,0.0,0.0,0.0,0.0,0.0,0.0,5.01,0.0,0.0,16.40090566,7
1.0,1.0,0.0,0.0,0.0,0.0,1.0,1.0,0.0,1.0,1.0,5.03,0.0,0.0,23.56796,7
1.0,0.0,0.0,0.0,0.0,0.0,1.0,0.0,0.0,0.0,1.0,4.98,0.0,0.0,20.93710392,6
0.0,0.0,0.0,0.0,0.0,0.0,0.0,0.0,0.0,0.0,1.0,4.94,0.0,0.0,16.98132373,8
1.0,1.0,0.0,0.0,0.0,0.0,0.0,1.0,0.0,0.0,0.0,4.98,0.0,1.0,16.36198491,2
1.0,0.0,1.0,0.0,0.0,1.0,0.0,1.0,0.0,0.0,0.0,5.01,0.0,0.0,16.34325287,5
0.0,0.0,0.0,1.0,1.0,1.0,0.0,0.0,1.0,0.0,0.0,4.98,0.0,0.0,23.090318,8
0.0,0.0,0.0,0.0,0.0,0.0,0.0,0.0,0.0,0.0,0.0,5.05,1.0,0.0,22.94250667,4
1.0,1.0,0.0,0.0,1.0,0.0,1.0,0.0,0.0,0.0,0.0,4.97,0.0,0.0,17.6271666,4
1.0,0.0,0.0,0.0,0.0,0.0,1.0,1.0,0.0,0.0,0.0,4.94,0.0,0.0,16.98132373,5
0.0,0.0,1.0,1.0,0.0,1.0,0.0,0.0,0.0,0.0,0.0,5.09,0.0,0.0,21.12749574,8
0.0,0.0,1.0,0.0,0.0,1.0,0.0,1.0,1.0,0.0,0.0,5.06,0.0,0.0,17.25293544,4
1.0,0.0,0.0,0.0,0.0,0.0,0.0,0.0,0.0,0.0,1.0,5.0,0.0,0.0,20.01021195,6
1.0,1.0,0.0,0.0,0.0,0.0,1.0,0.0,0.0,0.0,0.0,5.02,0.0,0.0,20.69212947,4
0.0,0.0,0.0,0.0,0.0,1.0,0.0,1.0,0.0,0.0,0.0,4.98,0.0,1.0,23.090318,7
1.0,1.0,0.0,0.0,0.0,1.0,0.0,0.0,0.0,0.0,0.0,5.07,0.0,0.0,22.95375723,5
0.0,2.0,0.0,0.0,0.0,0.0,0.0,0.0,0.0,0.0,0.0,4.98,0.0,0.0,20.760636,5
0.0,0.0,1.0,0.0,1.0,0.0,0.0,0.0,0.0,0.0,0.0,5.04,0.0,1.0,19.37757225,5
0.0,0.0,0.0,0.0,0.0,0.0,0.0,0.0,0.0,0.0,0.0,5.03,0.0,0.0,20.99829074,5
1.0,1.0,0.0,0.0,1.0,1.0,0.0,1.0,0.0,0.0,0.0,5.1,0.0,0.0,19.66372832,6
0.0,1.0,0.0,1.0,0.0,0.0,0.0,0.0,0.0,0.0,0.0,5.12,0.0,0.0,21.30333103,6
1.0,0.0,0.0,0.0,0.0,0.0,1.0,0.0,0.0,1.0,0.0,4.97,0.0,0.0,16.98679981,5
0.0,1.0,0.0,0.0,0.0,0.0,0.0,1.0,0.0,0.0,0.0,4.99,0.0,0.0,21.36238501,5
1.0,1.0,0.0,0.0,0.0,0.0,1.0,1.0,0.0,0.0,0.0,4.97,1.0,0.0,16.32868825,7
0.0,1.0,0.0,0.0,0.0,0.0,0.0,1.0,0.0,0.0,0.0,5.08,0.0,0.0,20.60491034,6
0.0,0.0,1.0,0.0,0.0,1.0,0.0,0.0,0.0,0.0,0.0,4.94,0.0,1.0,16.98132373,6
0.0,0.0,1.0,0.0,1.0,1.0,0.0,0.0,0.0,0.0,0.0,5.1,0.0,1.0,19.66372832,8
0.0,0.0,0.0,0.0,1.0,1.0,0.0,0.0,0.0,0.0,0.0,5.06,0.0,0.0,22.21796,8
1.0,0.0,0.0,0.0,1.0,1.0,0.0,0.0,1.0,0.0,0.0,5.05,0.0,0.0,19.82575626,8
0.0,0.0,1.0,0.0,1.0,0.0,0.0,0.0,0.0,0.0,0.0,5.03,0.0,0.0,16.24142592,8
0.0,0.0,1.0,1.0,1.0,0.0,0.0,0.0,1.0,0.0,0.0,5.07,0.0,0.0,16.10028961,8
0.0,0.0,1.0,0.0,1.0,1.0,0.0,1.0,0.0,0.0,0.0,5.01,0.0,0.0,23.62768313,7
2.0,1.0,0.0,0.0,0.0,0.0,1.0,0.0,0.0,0.0,1.0,5.08,1.0,0.0,16.65302335,3
0.0,0.0,0.0,1.0,1.0,0.0,1.0,1.0,1.0,0.0,0.0,5.04,0.0,0.0,16.73130194,7
1.0,0.0,1.0,0.0,1.0,1.0,0.0,0.0,1.0,0.0,0.0,5.05,0.0,0.0,16.63387366,6
1.0,1.0,0.0,0.0,0.0,0.0,0.0,0.0,0.0,0.0,0.0,5.07,1.0,0.0,22.95375723,4
1.0,0.0,0.0,0.0,0.0,1.0,1.0,1.0,0.0,0.0,0.0,5.01,0.0,0.0,16.40090566,4
1.0,1.0,0.0,0.0,0.0,0.0,0.0,0.0,0.0,0.0,0.0,5.03,0.0,0.0,23.61850085,6
1.0,0.0,0.0,0.0,1.0,0.0,1.0,0.0,0.0,0.0,0.0,5.0,0.0,0.0,25.09908007,6
1.0,1.0,1.0,0.0,0.0,1.0,0.0,1.0,0.0,0.0,0.0,5.02,0.0,0.0,19.56651252,7
0.0,0.0,1.0,0.0,0.0,1.0,0.0,2.0,0.0,0.0,0.0,4.97,0.0,0.0,17.6271666,8
2.0,2.0,0.0,1.0,0.0,0.0,0.0,0.0,0.0,0.0,0.0,5.06,0.0,0.0,20.6053931,5
1.0,1.0,0.0,0.0,0.0,1.0,1.0,1.0,0.0,0.0,1.0,5.04,0.0,1.0,16.86816535,7
0.0,0.0,1.0,0.0,0.0,1.0,0.0,0.0,0.0,0.0,0.0,5.08,0.0,1.0,21.24667802,8
1.0,1.0,0.0,0.0,0.0,0.0,1.0,1.0,0.0,0.0,0.0,5.0,0.0,0.0,16.41680863,6
0.0,0.0,0.0,1.0,0.0,0.0,0.0,0.0,0.0,0.0,0.0,4.96,0.0,0.0,17.58986941,8
0.0,0.0,1.0,0.0,1.0,1.0,0.0,0.0,0.0,0.0,0.0,4.96,0.0,0.0,23.25763771,5
0.0,0.0,1.0,1.0,1.0,0.0,0.0,0.0,0.0,0.0,0.0,5.15,0.0,0.0,20.30995862,8
0.0,0.0,0.0,0.0,1.0,1.0,0.0,0.0,0.0,0.0,0.0,5.0,0.0,0.0,20.01021195,8
1.0,1.0,0.0,0.0,1.0,0.0,1.0,1.0,0.0,0.0,0.0,5.03,0.0,0.0,20.79182283,7
0.0,0.0,0.0,0.0,0.0,0.0,1.0,1.0,0.0,0.0,0.0,5.03,0.0,0.0,23.2132605,6
1.0,1.0,0.0,0.0,1.0,1.0,0.0,0.0,0.0,0.0,0.0,5.06,0.0,1.0,23.82027257,5
2.0,1.0,0.0,0.0,0.0,0.0,1.0,1.0,0.0,0.0,0.0,4.95,0.0,0.0,17.19537,3
2.0,0.0,0.0,0.0,0.0,0.0,1.0,0.0,0.0,0.0,0.0,5.07,0.0,0.0,19.85620906,3
1.0,0.0,0.0,1.0,0.0,1.0,1.0,0.0,0.0,0.0,1.0,4.98,0.0,0.0,20.760636,6
1.0,0.0,0.0,0.0,0.0,1.0,0.0,0.0,0.0,0.0,0.0,5.08,0.0,0.0,20.38346394,5
0.0,0.0,0.0,0.0,1.0,1.0,1.0,0.0,0.0,0.0,0.0,5.0,0.0,1.0,24.55751667,8
1.0,1.0,0.0,0.0,0.0,0.0,0.0,0.0,0.0,1.0,1.0,5.09,1.0,0.0,20.97153179,3
0.0,0.0,1.0,0.0,1.0,0.0,0.0,0.0,0.0,0.0,0.0,5.01,0.0,0.0,16.40090566,6
0.0,0.0,0.0,0.0,0.0,1.0,0.0,0.0,0.0,0.0,0.0,5.02,0.0,0.0,20.66460442,8
0.0,0.0,1.0,0.0,1.0,1.0,0.0,0.0,1.0,0.0,0.0,5.1,0.0,0.0,19.66372832,8
0.0,0.0,0.0,0.0,0.0,1.0,1.0,1.0,0.0,0.0,1.0,5.08,0.0,0.0,17.03464933,7
2.0,2.0,0.0,0.0,0.0,1.0,0.0,1.0,0.0,0.0,0.0,5.04,0.0,0.0,20.67553813,2
0.0,1.0,0.0,0.0,0.0,0.0,0.0,0.0,0.0,1.0,0.0,5.04,0.0,0.0,24.13517647,5
1.0,1.0,0.0,0.0,1.0,1.0,0.0,0.0,0.0,0.0,0.0,5.08,0.0,0.0,16.61396913,7
0.0,0.0,0.0,1.0,0.0,1.0,0.0,0.0,1.0,0.0,0.0,5.01,0.0,0.0,16.91967064,8
0.0,0.0,1.0,1.0,1.0,1.0,0.0,0.0,0.0,0.0,0.0,5.08,0.0,0.0,16.65302335,7
1.0,0.0,0.0,0.0,0.0,0.0,1.0,1.0,0.0,0.0,0.0,5.07,1.0,0.0,25.39032,5
0.0,2.0,1.0,1.0,0.0,1.0,0.0,0.0,0.0,0.0,1.0,5.04,0.0,0.0,24.13517647,6
1.0,0.0,1.0,0.0,1.0,0.0,0.0,0.0,0.0,1.0,1.0,4.96,1.0,1.0,23.25763771,6
0.0,1.0,0.0,0.0,0.0,1.0,0.0,0.0,0.0,0.0,0.0,5.09,0.0,0.0,22.43037159,6
1.0,1.0,1.0,0.0,0.0,1.0,1.0,0.0,0.0,0.0,0.0,4.98,0.0,1.0,17.50510091,6
0.0,1.0,1.0,1.0,1.0,0.0,0.0,0.0,1.0,0.0,0.0,5.02,0.0,0.0,17.13424988,8
0.0,1.0,0.0,1.0,0.0,1.0,0.0,0.0,0.0,0.0,0.0,4.96,0.0,0.0,23.25763771,6
0.0,0.0,1.0,0.0,1.0,1.0,1.0,1.0,0.0,0.0,0.0,5.08,0.0,0.0,16.92418021,7
0.0,0.0,1.0,0.0,0.0,0.0,0.0,1.0,0.0,0.0,0.0,4.98,0.0,0.0,20.93710392,7
1.0,1.0,1.0,1.0,0.0,1.0,0.0,0.0,0.0,0.0,0.0,5.04,0.0,1.0,20.02932081,8
1.0,0.0,0.0,0.0,0.0,0.0,1.0,0.0,0.0,0.0,0.0,5.04,0.0,0.0,19.37757225,4
1.0,1.0,0.0,0.0,1.0,0.0,0.0,0.0,0.0,0.0,0.0,5.05,0.0,1.0,16.63387366,3
0.0,0.0,1.0,0.0,1.0,1.0,0.0,0.0,1.0,1.0,1.0,5.01,0.0,1.0,19.54706166,8
1.0,0.0,0.0,0.0,0.0,0.0,0.0,1.0,0.0,0.0,0.0,5.04,0.0,0.0,20.23410405,5
0.0,0.0,0.0,0.0,0.0,0.0,0.0,0.0,0.0,1.0,1.0,4.95,0.0,0.0,17.25302731,3
1.0,1.0,1.0,0.0,0.0,0.0,0.0,0.0,0.0,0.0,0.0,5.07,0.0,0.0,19.85620906,7
1.0,0.0,1.0,0.0,0.0,1.0,1.0,1.0,0.0,0.0,0.0,4.98,0.0,0.0,23.13697899,6
0.0,0.0,0.0,0.0,1.0,0.0,0.0,0.0,0.0,0.0,0.0,5.04,0.0,1.0,15.91308348,7
0.0,0.0,0.0,0.0,1.0,0.0,0.0,0.0,1.0,0.0,0.0,5.04,0.0,0.0,15.91308348,8
0.0,0.0,0.0,1.0,1.0,1.0,0.0,1.0,0.0,0.0,0.0,5.08,0.0,0.0,20.60491034,7
0.0,0.0,1.0,1.0,1.0,1.0,0.0,0.0,1.0,0.0,0.0,5.03,0.0,0.0,23.56796,9
0.0,0.0,1.0,1.0,0.0,1.0,0.0,0.0,0.0,0.0,0.0,5.05,0.0,0.0,16.63387366,8
0.0,0.0,1.0,0.0,0.0,0.0,0.0,0.0,0.0,0.0,0.0,5.01,0.0,0.0,22.38886996,6
0.0,0.0,1.0,1.0,1.0,0.0,1.0,0.0,0.0,0.0,1.0,5.02,0.0,1.0,23.33134583,9
0.0,1.0,0.0,0.0,0.0,1.0,0.0,0.0,0.0,0.0,0.0,5.07,0.0,1.0,22.93353,3
1.0,0.0,1.0,1.0,0.0,1.0,1.0,0.0,0.0,0.0,0.0,5.04,0.0,0.0,17.27146772,9
0.0,0.0,1.0,0.0,0.0,1.0,0.0,1.0,0.0,0.0,0.0,5.05,0.0,1.0,19.82575626,8
0.0,1.0,0.0,0.0,0.0,1.0,0.0,0.0,0.0,0.0,0.0,5.08,0.0,1.0,21.24667802,6
1.0,1.0,0.0,0.0,0.0,0.0,0.0,0.0,0.0,0.0,1.0,5.03,0.0,0.0,20.79182283,4
2.0,1.0,0.0,0.0,0.0,0.0,1.0,1.0,0.0,1.0,0.0,5.02,0.0,0.0,17.13424988,4
0.0,0.0,0.0,0.0,1.0,1.0,0.0,0.0,0.0,0.0,0.0,5.05,1.0,0.0,17.51919647,6
2.0,1.0,0.0,0.0,0.0,1.0,0.0,1.0,0.0,0.0,0.0,5.07,0.0,0.0,23.88992,6
2.0,0.0,0.0,1.0,0.0,0.0,1.0,0.0,0.0,0.0,1.0,4.98,1.0,0.0,16.36198491,3
1.0,1.0,0.0,0.0,0.0,0.0,1.0,0.0,0.0,0.0,0.0,4.95,0.0,0.0,17.25302731,7
1.0,0.0,1.0,1.0,0.0,0.0,0.0,0.0,1.0,0.0,0.0,5.1,0.0,0.0,19.3421869,9
1.0,1.0,0.0,0.0,0.0,0.0,1.0,0.0,0.0,0.0,0.0,5.05,0.0,1.0,19.82575626,3
0.0,1.0,0.0,0.0,0.0,1.0,0.0,0.0,0.0,0.0,0.0,5.08,0.0,0.0,24.65228571,5
2.0,1.0,0.0,0.0,0.0,0.0,1.0,1.0,0.0,0.0,0.0,4.97,0.0,0.0,17.6271666,2
1.0,1.0,0.0,0.0,0.0,1.0,0.0,0.0,0.0,0.0,0.0,5.08,0.0,0.0,23.90232886,5
0.0,1.0,1.0,0.0,1.0,1.0,0.0,0.0,0.0,0.0,0.0,5.08,0.0,1.0,21.24667802,8
0.0,0.0,0.0,0.0,0.0,1.0,1.0,0.0,1.0,0.0,0.0,5.07,0.0,0.0,17.21277288,6
0.0,1.0,0.0,0.0,0.0,1.0,0.0,0.0,0.0,0.0,1.0,5.01,0.0,0.0,23.62768313,6
2.0,0.0,0.0,0.0,0.0,0.0,1.0,0.0,0.0,0.0,1.0,5.04,1.0,0.0,17.27146772,4
2.0,1.0,0.0,0.0,1.0,0.0,1.0,0.0,0.0,0.0,0.0,4.98,0.0,0.0,16.36198491,4
0.0,1.0,0.0,0.0,0.0,0.0,0.0,1.0,0.0,0.0,0.0,4.97,1.0,0.0,16.32868825,8
0.0,0.0,0.0,0.0,1.0,0.0,0.0,0.0,0.0,0.0,0.0,5.06,0.0,0.0,20.09176301,7
1.0,0.0,0.0,0.0,0.0,1.0,1.0,0.0,0.0,0.0,0.0,5.1,0.0,0.0,23.43269333,6
0.0,0.0,0.0,0.0,0.0,1.0,0.0,0.0,0.0,0.0,0.0,4.98,1.0,0.0,23.13697899,6
1.0,2.0,0.0,0.0,0.0,0.0,0.0,0.0,0.0,0.0,0.0,5.05,0.0,0.0,16.86856899,5
0.0,0.0,1.0,1.0,1.0,1.0,0.0,0.0,0.0,0.0,0.0,5.1,0.0,0.0,19.66372832,8
1.0,1.0,0.0,0.0,0.0,1.0,0.0,1.0,0.0,0.0,0.0,5.12,0.0,0.0,16.36475298,3
0.0,0.0,1.0,0.0,1.0,1.0,0.0,0.0,0.0,0.0,0.0,5.07,0.0,0.0,17.21277288,8
0.0,0.0,1.0,1.0,1.0,1.0,0.0,0.0,1.0,0.0,0.0,5.05,0.0,0.0,16.16303237,8
1.0,0.0,0.0,0.0,0.0,0.0,1.0,0.0,0.0,0.0,0.0,5.04,0.0,0.0,24.83705705,5
1.0,1.0,0.0,0.0,0.0,0.0,1.0,0.0,0.0,0.0,0.0,5.04,0.0,0.0,19.94705202,5
1.0,1.0,0.0,0.0,0.0,0.0,0.0,0.0,0.0,0.0,0.0,4.99,0.0,0.0,16.24258944,7
2.0,1.0,0.0,0.0,0.0,0.0,0.0,0.0,0.0,0.0,1.0,5.05,0.0,0.0,17.51919647,4
0.0,0.0,0.0,1.0,0.0,0.0,0.0,0.0,0.0,0.0,0.0,5.0,1.0,0.0,20.01021195,7
0.0,0.0,1.0,0.0,1.0,1.0,0.0,0.0,0.0,0.0,0.0,5.01,0.0,0.0,22.38886996,9
1.0,0.0,0.0,0.0,0.0,0.0,1.0,0.0,0.0,0.0,0.0,5.02,1.0,0.0,20.79618399,5
1.0,1.0,0.0,0.0,0.0,1.0,1.0,1.0,0.0,0.0,0.0,5.04,0.0,1.0,22.48859739,4
2.0,2.0,0.0,0.0,1.0,0.0,0.0,2.0,0.0,0.0,0.0,5.09,0.0,0.0,20.84068966,4
1.0,2.0,0.0,0.0,0.0,1.0,1.0,2.0,0.0,0.0,0.0,4.97,0.0,0.0,16.32868825,3
0.0,0.0,0.0,1.0,1.0,1.0,0.0,0.0,0.0,0.0,0.0,5.03,0.0,0.0,23.61850085,7
0.0,0.0,0.0,1.0,1.0,0.0,0.0,0.0,1.0,0.0,0.0,5.06,0.0,0.0,23.16366639,8
0.0,0.0,0.0,0.0,1.0,1.0,0.0,0.0,0.0,0.0,0.0,5.03,0.0,1.0,23.61850085,5
0.0,0.0,1.0,1.0,0.0,1.0,0.0,0.0,0.0,0.0,0.0,5.06,0.0,0.0,24.06409167,8
2.0,1.0,0.0,0.0,1.0,0.0,0.0,1.0,0.0,0.0,0.0,5.03,1.0,0.0,22.78274154,6
1.0,0.0,0.0,0.0,1.0,1.0,0.0,0.0,1.0,0.0,0.0,5.07,0.0,0.0,16.10028961,7
0.0,1.0,0.0,0.0,0.0,0.0,0.0,1.0,0.0,0.0,1.0,5.04,1.0,0.0,24.13517647,6
1.0,1.0,0.0,0.0,0.0,0.0,1.0,1.0,0.0,0.0,0.0,5.02,0.0,0.0,20.6129722,4
2.0,2.0,1.0,0.0,1.0,1.0,0.0,0.0,0.0,0.0,0.0,5.06,0.0,0.0,23.16366639,7
1.0,1.0,0.0,1.0,0.0,1.0,1.0,0.0,1.0,0.0,0.0,5.09,0.0,0.0,22.43037159,6
1.0,0.0,0.0,0.0,0.0,0.0,1.0,1.0,0.0,0.0,0.0,5.02,0.0,0.0,17.13424988,5
2.0,2.0,0.0,0.0,0.0,0.0,1.0,2.0,0.0,0.0,0.0,5.0,0.0,0.0,16.41680863,2
0.0,0.0,1.0,0.0,1.0,1.0,0.0,0.0,1.0,0.0,0.0,4.98,0.0,0.0,23.090318,8
0.0,0.0,0.0,0.0,0.0,0.0,1.0,0.0,0.0,1.0,0.0,4.98,0.0,0.0,17.50510091,4
0.0,0.0,0.0,1.0,0.0,1.0,0.0,0.0,0.0,0.0,0.0,5.06,0.0,0.0,24.06409167,8
1.0,0.0,0.0,0.0,0.0,0.0,1.0,0.0,0.0,0.0,0.0,5.05,0.0,0.0,22.94250667,5
0.0,1.0,0.0,0.0,0.0,1.0,0.0,1.0,0.0,1.0,1.0,5.05,0.0,1.0,17.51919647,3
0.0,1.0,0.0,0.0,0.0,0.0,1.0,0.0,0.0,0.0,0.0,4.94,0.0,0.0,16.98132373,4
1.0,2.0,0.0,0.0,0.0,0.0,1.0,0.0,0.0,0.0,0.0,5.07,0.0,0.0,24.3972605,4
1.0,1.0,0.0,0.0,0.0,1.0,1.0,0.0,0.0,0.0,0.0,4.96,0.0,0.0,23.25763771,4
0.0,0.0,1.0,0.0,1.0,1.0,0.0,0.0,1.0,0.0,0.0,4.97,0.0,0.0,16.54689355,8
0.0,1.0,0.0,1.0,0.0,1.0,0.0,0.0,0.0,0.0,0.0,5.12,0.0,0.0,20.80295287,6
0.0,1.0,1.0,0.0,0.0,0.0,0.0,0.0,0.0,0.0,0.0,5.01,0.0,0.0,23.62768313,5
1.0,0.0,0.0,0.0,0.0,1.0,0.0,0.0,0.0,0.0,0.0,4.98,0.0,0.0,20.760636,6
0.0,1.0,0.0,0.0,0.0,0.0,1.0,1.0,0.0,0.0,0.0,5.12,0.0,0.0,21.31247587,8
0.0,1.0,0.0,1.0,1.0,0.0,0.0,1.0,1.0,0.0,0.0,5.06,0.0,0.0,16.25667235,6
1.0,0.0,0.0,0.0,0.0,1.0,1.0,0.0,0.0,0.0,0.0,5.05,1.0,0.0,23.39778535,8
0.0,0.0,1.0,0.0,0.0,1.0,0.0,0.0,0.0,0.0,0.0,5.06,0.0,0.0,24.39167114,7
1.0,1.0,1.0,0.0,0.0,1.0,1.0,1.0,0.0,0.0,1.0,5.04,0.0,1.0,19.94705202,4
2.0,2.0,0.0,0.0,0.0,0.0,0.0,1.0,0.0,0.0,0.0,5.04,0.0,0.0,24.13517647,5
0.0,0.0,1.0,1.0,1.0,1.0,0.0,0.0,1.0,0.0,1.0,5.08,1.0,0.0,20.04344828,9
0.0,0.0,0.0,0.0,1.0,0.0,0.0,1.0,0.0,0.0,0.0,5.05,0.0,1.0,17.51919647,7
2.0,0.0,0.0,0.0,0.0,0.0,1.0,1.0,0.0,0.0,1.0,5.02,1.0,0.0,20.69212947,3
0.0,0.0,0.0,0.0,0.0,1.0,0.0,0.0,0.0,0.0,0.0,5.0,0.0,0.0,25.09908007,8
1.0,1.0,0.0,0.0,0.0,0.0,0.0,1.0,0.0,0.0,0.0,5.06,0.0,0.0,24.06409167,5
0.0,2.0,0.0,0.0,1.0,0.0,0.0,1.0,1.0,0.0,0.0,5.01,0.0,0.0,16.91967064,7
0.0,1.0,0.0,0.0,0.0,1.0,0.0,0.0,0.0,0.0,0.0,5.1,0.0,0.0,21.06042589,7
0.0,1.0,0.0,0.0,1.0,0.0,0.0,0.0,0.0,0.0,0.0,5.06,0.0,1.0,20.05112235,4
1.0,1.0,0.0,0.0,0.0,0.0,1.0,0.0,0.0,0.0,0.0,5.04,0.0,0.0,21.31235,5
1.0,2.0,0.0,0.0,0.0,0.0,0.0,1.0,0.0,0.0,0.0,5.03,0.0,0.0,20.79182283,3
2.0,2.0,0.0,0.0,0.0,0.0,0.0,2.0,0.0,0.0,0.0,5.06,0.0,0.0,22.30003303,3
0.0,0.0,0.0,0.0,1.0,1.0,0.0,0.0,0.0,0.0,0.0,5.08,0.0,0.0,23.98242667,6
0.0,1.0,0.0,0.0,0.0,1.0,0.0,1.0,0.0,0.0,0.0,5.02,0.0,0.0,17.13424988,7
0.0,0.0,1.0,1.0,0.0,1.0,0.0,0.0,0.0,0.0,0.0,5.07,0.0,0.0,22.93353,8
1.0,0.0,1.0,1.0,0.0,0.0,0.0,0.0,0.0,0.0,1.0,5.08,0.0,0.0,16.92418021,7
0.0,0.0,1.0,1.0,0.0,1.0,0.0,0.0,0.0,0.0,0.0,5.04,0.0,0.0,21.31235,8
2.0,1.0,0.0,0.0,0.0,0.0,1.0,1.0,1.0,0.0,0.0,5.0,0.0,0.0,21.86684838,7
0.0,0.0,0.0,1.0,0.0,0.0,0.0,0.0,0.0,0.0,0.0,5.07,0.0,0.0,20.79476835,8
0.0,0.0,1.0,0.0,1.0,1.0,1.0,0.0,0.0,0.0,0.0,5.0,0.0,1.0,25.09908007,7
1.0,1.0,0.0,0.0,0.0,0.0,0.0,1.0,0.0,0.0,0.0,5.13,0.0,1.0,23.92605833,4
1.0,0.0,0.0,0.0,0.0,0.0,1.0,1.0,0.0,0.0,0.0,5.04,0.0,0.0,17.34746865,4
2.0,1.0,0.0,0.0,1.0,1.0,0.0,2.0,1.0,0.0,0.0,5.08,0.0,0.0,16.61482112,7
0.0,0.0,1.0,1.0,0.0,1.0,0.0,0.0,0.0,0.0,0.0,5.03,0.0,0.0,23.56796,9
0.0,0.0,0.0,1.0,0.0,0.0,0.0,1.0,0.0,0.0,0.0,5.04,0.0,0.0,15.91308348,5
0.0,0.0,0.0,0.0,0.0,1.0,1.0,0.0,1.0,0.0,0.0,4.97,0.0,0.0,16.98679981,7
1.0,0.0,1.0,0.0,0.0,1.0,0.0,0.0,0.0,0.0,0.0,5.05,0.0,1.0,19.82575626,4
2.0,1.0,0.0,0.0,0.0,0.0,1.0,1.0,0.0,0.0,0.0,4.99,0.0,0.0,16.9132879,1
1.0,1.0,0.0,0.0,0.0,0.0,1.0,0.0,0.0,0.0,0.0,5.03,0.0,0.0,16.15618868,4
0.0,0.0,1.0,0.0,1.0,0.0,0.0,1.0,0.0,0.0,0.0,5.03,0.0,0.0,16.15618868,5
0.0,0.0,1.0,1.0,1.0,1.0,0.0,0.0,0.0,0.0,0.0,5.01,0.0,0.0,16.34325287,8
1.0,1.0,0.0,0.0,0.0,0.0,0.0,1.0,0.0,0.0,1.0,5.01,0.0,1.0,23.62768313,4
0.0,1.0,0.0,1.0,0.0,0.0,0.0,0.0,1.0,0.0,0.0,5.0,0.0,0.0,20.01021195,6
0.0,1.0,0.0,0.0,0.0,0.0,1.0,0.0,0.0,0.0,0.0,5.07,0.0,0.0,22.93353,5
0.0,0.0,1.0,0.0,1.0,1.0,0.0,0.0,0.0,1.0,0.0,5.04,0.0,1.0,24.83705705,9
1.0,0.0,0.0,0.0,0.0,1.0,0.0,0.0,0.0,0.0,0.0,4.99,0.0,0.0,23.63853492,6
0.0,0.0,0.0,1.0,0.0,0.0,0.0,1.0,0.0,0.0,0.0,5.05,0.0,0.0,16.86856899,6
1.0,2.0,0.0,0.0,0.0,1.0,0.0,2.0,0.0,0.0,0.0,5.06,0.0,0.0,20.6053931,3
2.0,1.0,0.0,0.0,1.0,0.0,1.0,2.0,0.0,0.0,0.0,5.06,0.0,0.0,23.82027257,7
0.0,2.0,0.0,0.0,0.0,0.0,0.0,0.0,1.0,0.0,0.0,5.04,0.0,0.0,23.79842017,6
0.0,0.0,0.0,0.0,0.0,1.0,0.0,0.0,0.0,0.0,0.0,5.01,0.0,0.0,22.38886996,7
2.0,2.0,0.0,0.0,1.0,0.0,1.0,2.0,0.0,0.0,0.0,5.06,0.0,0.0,24.06409167,4
0.0,0.0,1.0,0.0,0.0,1.0,0.0,0.0,0.0,0.0,0.0,5.03,0.0,0.0,23.2132605,6
0.0,0.0,1.0,0.0,1.0,1.0,0.0,0.0,1.0,0.0,0.0,5.08,0.0,0.0,21.24667802,9
0.0,0.0,0.0,1.0,0.0,0.0,0.0,0.0,1.0,0.0,0.0,5.0,0.0,0.0,24.55751667,9
1.0,0.0,0.0,0.0,0.0,1.0,0.0,1.0,0.0,0.0,0.0,4.97,1.0,0.0,17.41910962,4
2.0,2.0,0.0,0.0,0.0,0.0,1.0,2.0,0.0,0.0,0.0,4.99,0.0,0.0,21.36238501,1
1.0,1.0,1.0,0.0,1.0,1.0,1.0,1.0,1.0,0.0,0.0,5.06,0.0,1.0,17.25293544,6
1.0,0.0,0.0,0.0,1.0,1.0,0.0,0.0,0.0,0.0,0.0,5.06,0.0,0.0,17.25293544,8
2.0,2.0,0.0,0.0,0.0,0.0,1.0,2.0,0.0,0.0,0.0,5.08,0.0,0.0,17.03464933,3
0.0,1.0,0.0,0.0,0.0,1.0,0.0,0.0,0.0,0.0,0.0,5.01,1.0,0.0,23.62768313,5
0.0,1.0,0.0,0.0,1.0,0.0,1.0,0.0,0.0,0.0,0.0,5.02,0.0,0.0,27.83124161,5
2.0,2.0,0.0,0.0,0.0,0.0,1.0,0.0,0.0,0.0,0.0,5.04,0.0,0.0,16.86816535,4
1.0,0.0,0.0,0.0,0.0,0.0,0.0,1.0,0.0,0.0,0.0,5.02,1.0,0.0,19.56651252,8
0.0,0.0,0.0,0.0,1.0,1.0,0.0,0.0,1.0,0.0,0.0,5.0,0.0,0.0,26.6561272,6
1.0,0.0,0.0,1.0,0.0,0.0,1.0,0.0,0.0,0.0,0.0,5.06,0.0,0.0,20.57765517,5
0.0,0.0,0.0,0.0,1.0,1.0,0.0,0.0,1.0,0.0,0.0,5.1,0.0,0.0,19.66372832,8
1.0,1.0,0.0,0.0,0.0,0.0,1.0,1.0,0.0,0.0,1.0,5.0,0.0,0.0,21.86684838,2
1.0,1.0,0.0,0.0,0.0,1.0,1.0,2.0,0.0,0.0,1.0,5.06,1.0,1.0,16.25667235,4
0.0,2.0,0.0,0.0,0.0,1.0,0.0,0.0,0.0,0.0,0.0,5.03,0.0,1.0,22.78274154,5
1.0,1.0,1.0,0.0,1.0,1.0,0.0,0.0,0.0,0.0,0.0,4.98,0.0,0.0,23.13697899,7
1.0,1.0,0.0,0.0,1.0,1.0,0.0,2.0,1.0,0.0,0.0,5.1,0.0,0.0,16.59760931,4
0.0,1.0,0.0,0.0,0.0,1.0,0.0,1.0,0.0,0.0,0.0,5.03,0.0,0.0,22.69721477,6
1.0,2.0,0.0,0.0,0.0,0.0,0.0,1.0,0.0,1.0,0.0,5.12,0.0,0.0,21.30333103,5
0.0,0.0,0.0,1.0,0.0,0.0,0.0,0.0,0.0,0.0,0.0,5.08,1.0,0.0,23.98242667,5
1.0,1.0,1.0,0.0,0.0,1.0,0.0,1.0,0.0,0.0,0.0,5.08,0.0,0.0,23.98242667,6
0.0,0.0,1.0,1.0,0.0,1.0,0.0,0.0,0.0,0.0,0.0,5.08,0.0,0.0,16.61482112,8
1.0,1.0,0.0,0.0,0.0,0.0,1.0,1.0,0.0,0.0,0.0,5.11,1.0,0.0,23.26668908,4
1.0,1.0,0.0,0.0,0.0,0.0,1.0,0.0,0.0,0.0,0.0,5.06,0.0,0.0,20.57765517,4
1.0,1.0,0.0,0.0,0.0,1.0,1.0,1.0,0.0,0.0,0.0,4.99,0.0,0.0,16.182,6
0.0,1.0,0.0,0.0,1.0,1.0,0.0,1.0,0.0,0.0,0.0,5.01,0.0,1.0,16.91967064,6
1.0,0.0,0.0,0.0,0.0,0.0,1.0,1.0,0.0,0.0,0.0,5.03,0.0,0.0,20.79182283,4
1.0,1.0,1.0,0.0,0.0,0.0,0.0,2.0,0.0,1.0,0.0,5.03,0.0,0.0,22.78274154,4
0.0,0.0,1.0,1.0,1.0,0.0,0.0,0.0,0.0,0.0,0.0,5.04,0.0,0.0,23.44888132,8
1.0,1.0,1.0,0.0,1.0,1.0,1.0,0.0,0.0,0.0,0.0,5.04,0.0,1.0,19.37757225,6
0.0,0.0,0.0,1.0,0.0,1.0,0.0,0.0,0.0,0.0,0.0,4.97,0.0,0.0,17.6271666,7
0.0,0.0,1.0,1.0,1.0,0.0,0.0,0.0,0.0,0.0,0.0,4.98,0.0,0.0,20.760636,7
0.0,0.0,0.0,0.0,1.0,0.0,0.0,1.0,0.0,0.0,0.0,5.01,0.0,1.0,16.34325287,7
0.0,1.0,1.0,0.0,0.0,1.0,1.0,0.0,1.0,1.0,1.0,5.08,0.0,1.0,17.03464933,4
1.0,0.0,0.0,0.0,0.0,0.0,1.0,0.0,0.0,0.0,0.0,5.04,0.0,0.0,16.73130194,8
2.0,0.0,1.0,1.0,0.0,0.0,0.0,0.0,1.0,0.0,1.0,5.01,0.0,0.0,16.40090566,7
0.0,1.0,0.0,0.0,0.0,0.0,0.0,0.0,0.0,0.0,0.0,5.15,0.0,0.0,20.30995862,4
0.0,1.0,0.0,0.0,0.0,0.0,1.0,0.0,0.0,0.0,0.0,5.02,0.0,0.0,16.59946122,6
0.0,0.0,0.0,0.0,1.0,1.0,0.0,0.0,0.0,0.0,0.0,4.98,1.0,0.0,23.090318,7
0.0,0.0,0.0,0.0,0.0,1.0,0.0,0.0,0.0,0.0,0.0,5.06,0.0,0.0,22.30003303,8
1.0,1.0,1.0,0.0,1.0,0.0,0.0,1.0,0.0,1.0,0.0,5.12,0.0,1.0,20.80295287,4
0.0,1.0,0.0,0.0,0.0,1.0,0.0,0.0,0.0,0.0,0.0,5.09,0.0,0.0,22.43037159,7
1.0,1.0,0.0,0.0,0.0,0.0,1.0,0.0,1.0,0.0,1.0,5.04,0.0,0.0,16.51622642,6
2.0,0.0,0.0,0.0,0.0,0.0,1.0,0.0,0.0,0.0,0.0,5.01,0.0,0.0,16.40531816,4
2.0,2.0,0.0,0.0,0.0,0.0,0.0,1.0,1.0,0.0,0.0,5.07,0.0,0.0,23.12165153,4
1.0,0.0,0.0,0.0,0.0,0.0,0.0,1.0,0.0,0.0,1.0,4.97,0.0,0.0,16.32868825,3
0.0,0.0,1.0,0.0,0.0,0.0,0.0,0.0,0.0,0.0,0.0,5.06,0.0,0.0,24.39167114,9
1.0,1.0,0.0,0.0,0.0,0.0,1.0,0.0,0.0,0.0,0.0,5.08,0.0,0.0,21.24667802,6
1.0,0.0,1.0,0.0,0.0,0.0,1.0,0.0,0.0,0.0,0.0,4.97,0.0,1.0,17.6271666,4
2.0,1.0,0.0,0.0,0.0,0.0,1.0,1.0,0.0,0.0,0.0,5.06,0.0,0.0,24.06409167,6
0.0,0.0,1.0,1.0,1.0,1.0,0.0,0.0,0.0,0.0,0.0,5.02,0.0,0.0,23.33134583,8
1.0,1.0,0.0,0.0,0.0,0.0,0.0,1.0,0.0,0.0,0.0,5.03,0.0,1.0,22.69721477,6
1.0,0.0,0.0,0.0,0.0,1.0,0.0,0.0,0.0,0.0,0.0,5.03,0.0,0.0,22.69721477,6
1.0,0.0,0.0,0.0,0.0,0.0,1.0,0.0,0.0,0.0,0.0,5.02,0.0,0.0,16.49862642,5
0.0,0.0,0.0,0.0,0.0,0.0,0.0,0.0,0.0,0.0,1.0,4.99,1.0,0.0,20.52279387,5
0.0,1.0,0.0,1.0,0.0,1.0,0.0,1.0,0.0,0.0,0.0,5.08,0.0,0.0,23.98242667,7
0.0,0.0,0.0,0.0,1.0,1.0,0.0,1.0,0.0,0.0,0.0,5.1,0.0,1.0,24.20130201,6
0.0,1.0,1.0,0.0,0.0,0.0,0.0,0.0,0.0,0.0,0.0,5.07,0.0,0.0,22.95375723,7
2.0,1.0,0.0,0.0,0.0,0.0,1.0,0.0,0.0,1.0,0.0,5.02,0.0,1.0,16.59946122,3
1.0,0.0,1.0,0.0,1.0,1.0,0.0,0.0,1.0,0.0,0.0,5.08,0.0,0.0,21.24667802,7
0.0,1.0,0.0,0.0,0.0,0.0,0.0,0.0,0.0,0.0,0.0,5.11,0.0,0.0,23.26668908,5
0.0,0.0,1.0,1.0,0.0,1.0,1.0,0.0,0.0,0.0,0.0,5.01,0.0,0.0,19.54706166,9
1.0,0.0,0.0,0.0,0.0,0.0,1.0,0.0,0.0,0.0,0.0,5.03,0.0,0.0,16.73512308,4
0.0,0.0,1.0,0.0,0.0,0.0,0.0,0.0,0.0,0.0,0.0,4.98,0.0,0.0,16.84029529,8
1.0,0.0,0.0,0.0,0.0,0.0,0.0,0.0,0.0,0.0,0.0,5.03,0.0,0.0,23.56796,6
1.0,1.0,0.0,0.0,1.0,1.0,1.0,0.0,0.0,0.0,0.0,5.04,0.0,0.0,19.37757225,6
1.0,1.0,0.0,0.0,0.0,0.0,0.0,0.0,0.0,0.0,0.0,4.98,0.0,0.0,23.090318,5
0.0,0.0,0.0,0.0,0.0,0.0,0.0,1.0,0.0,0.0,0.0,5.03,0.0,1.0,20.99829074,7
0.0,1.0,0.0,0.0,0.0,1.0,1.0,1.0,1.0,0.0,1.0,5.07,0.0,0.0,25.39032,3
0.0,0.0,0.0,0.0,0.0,1.0,0.0,0.0,0.0,0.0,0.0,5.0,1.0,0.0,16.41680863,9
1.0,1.0,0.0,0.0,0.0,0.0,1.0,0.0,0.0,0.0,0.0,5.04,0.0,0.0,19.94705202,5
1.0,1.0,1.0,0.0,0.0,1.0,1.0,0.0,0.0,1.0,1.0,5.05,0.0,1.0,23.39778535,6
1.0,1.0,0.0,0.0,0.0,0.0,1.0,0.0,0.0,1.0,0.0,5.06,0.0,0.0,24.39167114,6
0.0,0.0,0.0,0.0,1.0,0.0,1.0,0.0,0.0,0.0,0.0,5.1,0.0,0.0,20.15248276,6
0.0,0.0,0.0,0.0,1.0,0.0,0.0,0.0,0.0,0.0,1.0,5.13,0.0,1.0,23.92605833,7
0.0,1.0,0.0,0.0,1.0,1.0,0.0,1.0,0.0,0.0,0.0,5.06,0.0,0.0,17.25293544,7
1.0,1.0,0.0,1.0,1.0,0.0,1.0,0.0,1.0,0.0,0.0,5.01,0.0,0.0,16.40531816,6
0.0,1.0,0.0,0.0,0.0,1.0,0.0,1.0,0.0,0.0,0.0,5.09,1.0,0.0,20.84068966,7
1.0,1.0,0.0,0.0,0.0,0.0,0.0,0.0,0.0,0.0,0.0,5.05,1.0,1.0,16.63387366,3
2.0,1.0,0.0,0.0,0.0,0.0,0.0,2.0,0.0,0.0,0.0,5.08,1.0,0.0,16.61482112,4
1.0,2.0,0.0,0.0,0.0,0.0,1.0,0.0,0.0,1.0,1.0,4.96,1.0,1.0,23.25763771,1
0.0,0.0,0.0,1.0,1.0,0.0,1.0,0.0,0.0,0.0,0.0,5.03,0.0,0.0,16.24142592,8
0.0,0.0,1.0,1.0,0.0,0.0,1.0,1.0,0.0,0.0,0.0,5.04,0.0,0.0,17.34746865,8
1.0,2.0,0.0,0.0,0.0,0.0,0.0,2.0,0.0,0.0,0.0,4.98,0.0,0.0,16.84029529,4
2.0,1.0,0.0,0.0,0.0,0.0,1.0,0.0,0.0,0.0,0.0,5.03,0.0,0.0,16.15618868,5
1.0,0.0,0.0,0.0,0.0,0.0,1.0,0.0,0.0,0.0,1.0,5.04,0.0,0.0,15.91308348,4
0.0,1.0,0.0,0.0,1.0,1.0,1.0,0.0,0.0,0.0,0.0,4.97,0.0,0.0,20.75042053,7
0.0,0.0,1.0,1.0,0.0,0.0,0.0,0.0,0.0,0.0,0.0,5.12,0.0,0.0,21.15722069,9
1.0,1.0,0.0,0.0,0.0,0.0,1.0,0.0,0.0,0.0,0.0,5.04,0.0,1.0,16.51622642,5
0.0,0.0,1.0,0.0,0.0,1.0,0.0,0.0,0.0,0.0,0.0,5.08,0.0,0.0,16.65302335,9
0.0,0.0,0.0,0.0,1.0,0.0,1.0,1.0,0.0,0.0,0.0,5.12,0.0,0.0,21.31247587,8
0.0,0.0,0.0,0.0,1.0,1.0,0.0,0.0,0.0,0.0,0.0,5.08,0.0,1.0,20.04344828,8
0.0,0.0,0.0,0.0,0.0,1.0,1.0,0.0,0.0,0.0,0.0,5.07,0.0,0.0,22.93353,6
2.0,0.0,0.0,0.0,0.0,0.0,1.0,0.0,0.0,0.0,1.0,5.01,1.0,0.0,19.43946897,3
2.0,0.0,1.0,0.0,1.0,1.0,0.0,0.0,0.0,0.0,0.0,4.97,0.0,0.0,20.75042053,6
0.0,0.0,1.0,0.0,0.0,1.0,0.0,0.0,0.0,0.0,0.0,5.05,0.0,0.0,16.63387366,6
0.0,1.0,0.0,0.0,0.0,0.0,0.0,2.0,0.0,0.0,0.0,5.05,0.0,0.0,16.16303237,6
0.0,1.0,1.0,0.0,0.0,1.0,0.0,0.0,0.0,0.0,0.0,5.06,0.0,0.0,23.82027257,3
0.0,0.0,0.0,1.0,1.0,1.0,0.0,0.0,1.0,0.0,0.0,5.03,0.0,0.0,16.73512308,6
0.0,0.0,0.0,0.0,1.0,0.0,0.0,0.0,0.0,0.0,0.0,5.06,0.0,0.0,16.77078495,7
0.0,1.0,1.0,1.0,0.0,0.0,0.0,0.0,0.0,0.0,0.0,5.12,0.0,0.0,22.8448,8
1.0,1.0,0.0,0.0,0.0,0.0,1.0,1.0,0.0,0.0,0.0,5.1,0.0,0.0,19.3421869,5
1.0,0.0,0.0,0.0,0.0,0.0,1.0,1.0,0.0,0.0,1.0,4.98,1.0,0.0,23.090318,4
0.0,0.0,0.0,1.0,1.0,0.0,0.0,0.0,1.0,0.0,0.0,5.03,0.0,0.0,22.78274154,8
0.0,1.0,0.0,0.0,1.0,1.0,0.0,0.0,0.0,0.0,0.0,5.11,1.0,0.0,19.45402759,7
0.0,1.0,1.0,0.0,1.0,0.0,0.0,1.0,0.0,0.0,0.0,5.06,0.0,0.0,24.06409167,7
0.0,0.0,0.0,1.0,0.0,0.0,0.0,1.0,1.0,0.0,0.0,5.07,0.0,0.0,23.12165153,7
0.0,1.0,0.0,0.0,1.0,1.0,1.0,0.0,0.0,0.0,0.0,5.0,0.0,0.0,21.86684838,4
1.0,0.0,0.0,1.0,0.0,1.0,1.0,0.0,0.0,0.0,0.0,4.97,0.0,0.0,16.98679981,7
0.0,1.0,0.0,1.0,0.0,1.0,0.0,1.0,1.0,0.0,0.0,5.03,0.0,0.0,22.69721477,5
1.0,1.0,0.0,1.0,0.0,0.0,0.0,1.0,0.0,0.0,0.0,4.97,1.0,0.0,16.32868825,3
1.0,2.0,0.0,0.0,0.0,1.0,0.0,1.0,0.0,0.0,0.0,5.05,0.0,1.0,19.82575626,5
0.0,0.0,0.0,0.0,0.0,1.0,0.0,0.0,0.0,0.0,0.0,5.1,0.0,1.0,19.3421869,8
0.0,1.0,0.0,0.0,0.0,0.0,1.0,0.0,0.0,0.0,0.0,4.99,0.0,0.0,23.63853492,3
1.0,0.0,0.0,0.0,0.0,1.0,0.0,0.0,1.0,0.0,0.0,5.03,0.0,0.0,16.73512308,7
1.0,1.0,0.0,0.0,0.0,1.0,0.0,1.0,0.0,0.0,0.0,5.04,0.0,0.0,23.79842017,7
0.0,0.0,0.0,0.0,0.0,1.0,0.0,1.0,0.0,0.0,1.0,5.04,0.0,0.0,20.67553813,8
0.0,1.0,0.0,0.0,0.0,0.0,0.0,0.0,0.0,0.0,0.0,5.08,0.0,0.0,20.04344828,6
1.0,0.0,0.0,0.0,0.0,0.0,1.0,0.0,0.0,0.0,0.0,5.07,0.0,1.0,20.79476835,5
0.0,0.0,1.0,0.0,0.0,1.0,0.0,1.0,0.0,0.0,0.0,5.03,0.0,0.0,16.73512308,7
1.0,0.0,0.0,0.0,0.0,0.0,1.0,0.0,0.0,0.0,0.0,4.99,0.0,0.0,23.63853492,5
0.0,0.0,1.0,0.0,0.0,0.0,0.0,0.0,0.0,0.0,0.0,5.04,0.0,1.0,23.44888132,8
0.0,0.0,1.0,0.0,0.0,1.0,0.0,0.0,1.0,0.0,0.0,5.02,0.0,0.0,20.69212947,8
1.0,0.0,0.0,0.0,0.0,1.0,0.0,0.0,0.0,0.0,0.0,5.07,0.0,0.0,21.21118683,7
2.0,2.0,0.0,0.0,0.0,0.0,1.0,0.0,0.0,0.0,0.0,5.02,0.0,0.0,16.59946122,2
1.0,2.0,1.0,0.0,1.0,1.0,0.0,1.0,0.0,0.0,0.0,5.07,0.0,0.0,24.82826667,4
0.0,0.0,0.0,0.0,0.0,1.0,0.0,0.0,0.0,0.0,0.0,5.04,0.0,1.0,23.44888132,5
1.0,0.0,0.0,1.0,0.0,0.0,0.0,0.0,1.0,0.0,0.0,5.06,0.0,0.0,20.57765517,8
0.0,1.0,1.0,0.0,0.0,1.0,0.0,1.0,0.0,0.0,0.0,5.07,0.0,0.0,22.95375723,7
0.0,0.0,1.0,1.0,0.0,0.0,0.0,0.0,0.0,0.0,0.0,5.08,0.0,0.0,13.97063168,7
0.0,1.0,0.0,0.0,0.0,0.0,1.0,0.0,0.0,1.0,1.0,5.01,1.0,0.0,16.40090566,5
0.0,0.0,0.0,1.0,0.0,0.0,0.0,0.0,0.0,0.0,0.0,4.99,0.0,0.0,16.9132879,7
1.0,1.0,0.0,0.0,0.0,1.0,1.0,2.0,0.0,0.0,0.0,5.09,0.0,0.0,20.97153179,4
0.0,0.0,1.0,0.0,1.0,1.0,0.0,0.0,1.0,0.0,0.0,5.1,0.0,0.0,19.66372832,7
1.0,0.0,0.0,0.0,0.0,1.0,1.0,0.0,0.0,0.0,0.0,5.01,1.0,0.0,19.54706166,5
0.0,0.0,0.0,1.0,0.0,1.0,0.0,0.0,0.0,0.0,0.0,5.04,1.0,0.0,20.23410405,8
1.0,0.0,0.0,1.0,0.0,0.0,1.0,0.0,0.0,0.0,0.0,5.08,0.0,0.0,23.90232886,6
0.0,0.0,0.0,0.0,1.0,0.0,0.0,1.0,0.0,0.0,0.0,5.08,0.0,0.0,23.90232886,7
0.0,1.0,0.0,0.0,0.0,0.0,1.0,0.0,0.0,0.0,0.0,5.09,0.0,1.0,19.59817919,5
0.0,0.0,1.0,0.0,1.0,1.0,0.0,0.0,0.0,0.0,0.0,5.06,0.0,0.0,22.21796,9
1.0,0.0,0.0,0.0,0.0,0.0,1.0,1.0,0.0,0.0,0.0,5.1,0.0,0.0,21.06042589,4
0.0,0.0,0.0,0.0,1.0,1.0,0.0,0.0,1.0,0.0,0.0,5.04,0.0,1.0,16.51622642,8
0.0,0.0,1.0,0.0,0.0,1.0,0.0,0.0,1.0,0.0,0.0,5.07,0.0,0.0,23.88992,6
1.0,1.0,0.0,0.0,0.0,0.0,0.0,1.0,0.0,0.0,0.0,5.0,0.0,0.0,26.6561272,5
1.0,1.0,1.0,0.0,1.0,1.0,0.0,1.0,0.0,0.0,0.0,5.04,0.0,1.0,21.31235,4
2.0,1.0,0.0,0.0,0.0,0.0,0.0,1.0,0.0,0.0,0.0,5.07,0.0,0.0,22.95375723,4
1.0,0.0,1.0,0.0,0.0,1.0,0.0,0.0,1.0,0.0,0.0,5.06,0.0,1.0,23.9945088,8
0.0,0.0,1.0,1.0,1.0,1.0,0.0,1.0,0.0,0.0,0.0,5.03,0.0,0.0,23.56796,9
1.0,0.0,1.0,1.0,0.0,1.0,0.0,0.0,0.0,0.0,0.0,5.08,0.0,0.0,16.92418021,7
1.0,0.0,0.0,0.0,0.0,1.0,1.0,0.0,0.0,0.0,0.0,5.03,0.0,0.0,19.94797688,6
0.0,0.0,0.0,0.0,0.0,1.0,0.0,0.0,1.0,0.0,0.0,5.05,0.0,0.0,22.94250667,7
0.0,0.0,0.0,0.0,0.0,0.0,1.0,1.0,0.0,0.0,0.0,5.07,0.0,0.0,20.79476835,8
0.0,1.0,0.0,0.0,1.0,1.0,0.0,1.0,0.0,0.0,0.0,5.08,0.0,1.0,16.61482112,7
1.0,1.0,0.0,0.0,0.0,0.0,0.0,0.0,0.0,0.0,0.0,5.0,0.0,1.0,21.86684838,7
1.0,1.0,0.0,0.0,0.0,1.0,0.0,0.0,0.0,0.0,1.0,5.07,1.0,0.0,22.95375723,5
1.0,0.0,0.0,0.0,0.0,1.0,0.0,0.0,0.0,0.0,0.0,4.99,0.0,1.0,23.63853492,3
0.0,0.0,0.0,0.0,0.0,1.0,0.0,0.0,0.0,0.0,0.0,5.02,1.0,0.0,17.13424988,6
0.0,0.0,0.0,0.0,0.0,1.0,1.0,0.0,0.0,1.0,0.0,5.07,0.0,1.0,24.3972605,7
1.0,0.0,1.0,0.0,1.0,0.0,0.0,0.0,1.0,0.0,0.0,5.04,0.0,0.0,23.79842017,6
0.0,0.0,0.0,0.0,1.0,0.0,0.0,0.0,0.0,0.0,0.0,5.03,0.0,1.0,16.15618868,5
2.0,2.0,0.0,0.0,0.0,0.0,1.0,0.0,0.0,0.0,0.0,5.04,0.0,0.0,23.79842017,3
0.0,0.0,1.0,0.0,0.0,1.0,0.0,0.0,1.0,0.0,0.0,5.0,0.0,0.0,16.41680863,8
0.0,1.0,0.0,1.0,1.0,1.0,0.0,1.0,0.0,0.0,0.0,5.11,0.0,0.0,23.26668908,5
0.0,1.0,0.0,0.0,1.0,0.0,0.0,1.0,0.0,0.0,0.0,5.07,0.0,0.0,24.82826667,5
1.0,0.0,0.0,0.0,1.0,0.0,0.0,0.0,0.0,0.0,0.0,5.06,0.0,0.0,20.57765517,6
0.0,1.0,1.0,0.0,0.0,1.0,0.0,0.0,0.0,0.0,0.0,5.08,0.0,0.0,13.97063168,7
1.0,0.0,0.0,0.0,0.0,0.0,1.0,1.0,0.0,0.0,0.0,5.07,0.0,0.0,20.79476835,4
2.0,0.0,0.0,0.0,0.0,0.0,0.0,0.0,0.0,1.0,1.0,5.0,0.0,1.0,20.01021195,7
0.0,0.0,1.0,0.0,0.0,1.0,1.0,0.0,0.0,0.0,0.0,5.0,0.0,0.0,20.01021195,7
0.0,1.0,0.0,0.0,0.0,0.0,1.0,1.0,0.0,1.0,1.0,5.03,0.0,0.0,20.79182283,4
0.0,1.0,1.0,0.0,1.0,1.0,0.0,1.0,0.0,0.0,0.0,5.15,0.0,0.0,20.30995862,7
1.0,0.0,0.0,0.0,0.0,0.0,0.0,1.0,0.0,1.0,0.0,5.07,0.0,0.0,24.3972605,4
1.0,0.0,0.0,0.0,0.0,0.0,1.0,0.0,0.0,0.0,0.0,5.08,0.0,0.0,21.43162976,5
0.0,1.0,0.0,0.0,0.0,1.0,0.0,1.0,0.0,0.0,0.0,5.03,0.0,0.0,23.61850085,7
0.0,0.0,0.0,1.0,0.0,0.0,0.0,0.0,0.0,0.0,0.0,5.07,0.0,0.0,20.79476835,7
2.0,2.0,0.0,0.0,0.0,0.0,1.0,1.0,0.0,1.0,1.0,5.06,0.0,1.0,23.82027257,2
1.0,2.0,0.0,0.0,0.0,0.0,0.0,0.0,0.0,0.0,0.0,5.08,1.0,0.0,16.61482112,3
1.0,0.0,0.0,0.0,0.0,1.0,0.0,0.0,0.0,0.0,0.0,4.98,0.0,1.0,23.090318,4
0.0,0.0,1.0,0.0,1.0,1.0,0.0,1.0,0.0,0.0,0.0,5.02,0.0,0.0,20.79618399,7
0.0,0.0,0.0,0.0,1.0,1.0,0.0,0.0,1.0,0.0,0.0,5.01,0.0,0.0,19.43946897,8
0.0,0.0,1.0,0.0,1.0,0.0,0.0,0.0,0.0,0.0,0.0,5.12,0.0,0.0,24.36373333,7
1.0,1.0,1.0,1.0,0.0,0.0,0.0,0.0,0.0,0.0,0.0,5.07,1.0,0.0,24.82826667,7
1.0,1.0,0.0,0.0,0.0,1.0,0.0,0.0,0.0,0.0,0.0,4.95,1.0,0.0,17.19537,5
2.0,0.0,0.0,0.0,0.0,0.0,1.0,0.0,0.0,0.0,0.0,4.95,0.0,0.0,17.25302731,4
0.0,0.0,1.0,1.0,1.0,1.0,0.0,0.0,0.0,0.0,0.0,5.03,0.0,0.0,16.73512308,8
0.0,2.0,0.0,0.0,1.0,1.0,0.0,0.0,0.0,0.0,0.0,4.95,0.0,0.0,16.14680863,5
0.0,0.0,0.0,1.0,1.0,1.0,0.0,0.0,0.0,0.0,0.0,5.02,0.0,0.0,20.69212947,8
1.0,2.0,0.0,0.0,0.0,0.0,1.0,2.0,0.0,0.0,0.0,5.09,1.0,0.0,20.84068966,2
0.0,2.0,0.0,1.0,0.0,0.0,0.0,2.0,0.0,0.0,0.0,5.03,0.0,0.0,23.2132605,1
0.0,1.0,0.0,1.0,0.0,1.0,0.0,0.0,0.0,0.0,0.0,5.05,0.0,0.0,23.9349125,6
1.0,1.0,0.0,0.0,0.0,0.0,1.0,0.0,0.0,0.0,0.0,5.03,0.0,0.0,16.97957978,5
0.0,0.0,0.0,0.0,1.0,0.0,0.0,0.0,0.0,0.0,0.0,5.02,0.0,1.0,20.69212947,5
0.0,1.0,1.0,0.0,0.0,1.0,0.0,0.0,0.0,0.0,1.0,5.0,0.0,0.0,20.01021195,4
1.0,1.0,0.0,0.0,0.0,1.0,0.0,0.0,0.0,0.0,0.0,5.01,0.0,0.0,23.62768313,6
0.0,0.0,1.0,0.0,0.0,1.0,1.0,0.0,0.0,0.0,0.0,5.03,0.0,0.0,20.99829074,6
0.0,2.0,0.0,0.0,0.0,1.0,0.0,0.0,0.0,0.0,0.0,5.05,0.0,0.0,19.64248555,5
1.0,2.0,0.0,0.0,0.0,0.0,1.0,1.0,0.0,0.0,0.0,5.04,0.0,1.0,20.23410405,2
0.0,0.0,0.0,1.0,1.0,1.0,0.0,0.0,0.0,0.0,0.0,5.02,0.0,0.0,20.6129722,8
0.0,0.0,0.0,0.0,0.0,1.0,0.0,0.0,0.0,0.0,0.0,5.03,0.0,0.0,23.2132605,8
0.0,0.0,0.0,0.0,1.0,1.0,1.0,0.0,1.0,0.0,0.0,5.04,0.0,0.0,16.73130194,8
2.0,1.0,0.0,0.0,1.0,1.0,0.0,0.0,0.0,0.0,0.0,5.15,0.0,0.0,20.30995862,9
1.0,0.0,0.0,0.0,1.0,0.0,1.0,1.0,1.0,0.0,0.0,5.0,0.0,1.0,20.01021195,9
1.0,0.0,0.0,0.0,0.0,1.0,1.0,0.0,0.0,0.0,0.0,5.05,0.0,0.0,23.9349125,7
0.0,0.0,0.0,0.0,0.0,0.0,1.0,0.0,0.0,0.0,0.0,4.94,0.0,0.0,16.98132373,5
1.0,2.0,0.0,0.0,0.0,0.0,1.0,0.0,0.0,1.0,0.0,5.03,0.0,1.0,22.69721477,2
1.0,1.0,0.0,0.0,0.0,1.0,1.0,0.0,0.0,0.0,0.0,5.04,0.0,0.0,24.83705705,3
2.0,0.0,0.0,0.0,0.0,0.0,1.0,0.0,0.0,0.0,0.0,5.12,0.0,0.0,21.31247587,2
0.0,2.0,0.0,1.0,0.0,0.0,0.0,1.0,0.0,0.0,0.0,5.03,0.0,0.0,22.69721477,6
1.0,0.0,0.0,0.0,0.0,1.0,1.0,0.0,0.0,0.0,0.0,5.07,0.0,0.0,16.10028961,8
0.0,2.0,0.0,0.0,0.0,0.0,0.0,1.0,0.0,0.0,0.0,5.04,0.0,0.0,22.48859739,4
0.0,0.0,1.0,0.0,1.0,1.0,0.0,0.0,0.0,0.0,0.0,5.07,0.0,0.0,25.39032,9
2.0,1.0,0.0,0.0,1.0,0.0,1.0,1.0,0.0,0.0,1.0,5.06,1.0,1.0,16.25667235,3
0.0,1.0,0.0,0.0,0.0,0.0,1.0,1.0,0.0,0.0,0.0,5.08,0.0,0.0,20.38346394,5
1.0,1.0,0.0,1.0,1.0,0.0,0.0,0.0,1.0,0.0,0.0,5.12,0.0,0.0,21.15722069,7
0.0,1.0,1.0,1.0,0.0,0.0,0.0,0.0,0.0,0.0,0.0,5.07,0.0,0.0,24.8558,4
1.0,0.0,0.0,0.0,0.0,1.0,1.0,0.0,1.0,0.0,0.0,4.97,0.0,0.0,20.75042053,6
2.0,2.0,0.0,0.0,0.0,0.0,0.0,2.0,0.0,0.0,0.0,5.09,0.0,0.0,20.84068966,6
1.0,0.0,0.0,0.0,0.0,0.0,1.0,0.0,0.0,0.0,0.0,5.0,0.0,0.0,20.01021195,4
0.0,1.0,0.0,0.0,1.0,1.0,1.0,1.0,0.0,0.0,1.0,5.03,0.0,0.0,19.94797688,5
0.0,1.0,0.0,0.0,1.0,1.0,0.0,1.0,0.0,0.0,0.0,5.03,0.0,0.0,16.73512308,8
0.0,1.0,0.0,0.0,0.0,0.0,0.0,0.0,0.0,0.0,0.0,5.12,0.0,1.0,21.30333103,7
0.0,1.0,0.0,1.0,0.0,0.0,0.0,2.0,1.0,0.0,0.0,5.05,0.0,0.0,16.16303237,6
0.0,2.0,0.0,0.0,1.0,0.0,1.0,2.0,0.0,0.0,0.0,5.0,0.0,0.0,24.55751667,3
0.0,0.0,0.0,0.0,1.0,1.0,1.0,0.0,0.0,0.0,0.0,5.05,0.0,0.0,17.51919647,8
0.0,1.0,0.0,0.0,0.0,0.0,0.0,0.0,0.0,0.0,1.0,5.02,0.0,0.0,16.49862642,4
0.0,0.0,0.0,0.0,0.0,0.0,1.0,0.0,0.0,0.0,0.0,5.02,0.0,0.0,27.83124161,5
1.0,1.0,0.0,0.0,0.0,0.0,0.0,0.0,0.0,0.0,0.0,4.98,0.0,0.0,20.93710392,6
2.0,1.0,0.0,0.0,1.0,1.0,1.0,0.0,0.0,0.0,0.0,4.99,0.0,0.0,23.63853492,6
0.0,1.0,1.0,0.0,0.0,0.0,1.0,0.0,0.0,0.0,0.0,5.02,0.0,0.0,19.56651252,7
0.0,1.0,0.0,0.0,0.0,1.0,1.0,0.0,0.0,0.0,0.0,5.06,1.0,0.0,23.16366639,8
0.0,1.0,1.0,0.0,1.0,0.0,0.0,1.0,0.0,0.0,0.0,5.03,0.0,1.0,19.94797688,6
0.0,0.0,1.0,0.0,1.0,1.0,0.0,0.0,0.0,0.0,0.0,5.06,0.0,0.0,23.16366639,8
2.0,0.0,0.0,0.0,0.0,0.0,0.0,0.0,0.0,0.0,1.0,5.02,1.0,0.0,23.33134583,6
1.0,0.0,0.0,1.0,1.0,0.0,0.0,0.0,0.0,0.0,0.0,5.12,0.0,0.0,20.80295287,6
0.0,0.0,0.0,0.0,1.0,1.0,0.0,0.0,0.0,0.0,0.0,4.99,0.0,0.0,21.36238501,7
1.0,0.0,1.0,0.0,0.0,1.0,0.0,0.0,0.0,0.0,0.0,5.03,0.0,0.0,23.61850085,6
0.0,1.0,0.0,0.0,0.0,0.0,0.0,1.0,0.0,0.0,0.0,5.03,0.0,0.0,23.56796,7
1.0,0.0,0.0,0.0,0.0,1.0,0.0,0.0,0.0,0.0,0.0,5.07,0.0,0.0,22.93353,7
0.0,1.0,0.0,1.0,0.0,0.0,0.0,1.0,0.0,0.0,0.0,5.11,0.0,0.0,19.45402759,7
0.0,0.0,0.0,1.0,0.0,0.0,0.0,1.0,1.0,0.0,0.0,4.98,0.0,0.0,23.13697899,9
1.0,1.0,0.0,0.0,0.0,0.0,1.0,0.0,0.0,0.0,0.0,5.07,0.0,0.0,19.85620906,5
0.0,0.0,1.0,0.0,1.0,1.0,0.0,0.0,0.0,0.0,0.0,5.03,0.0,0.0,20.99829074,8
1.0,2.0,0.0,0.0,0.0,1.0,0.0,2.0,0.0,0.0,0.0,5.08,0.0,0.0,20.05915895,2
0.0,0.0,0.0,1.0,0.0,0.0,0.0,1.0,1.0,0.0,0.0,5.03,0.0,0.0,16.24142592,5
0.0,2.0,0.0,0.0,0.0,0.0,0.0,2.0,0.0,0.0,0.0,5.0,0.0,0.0,16.41680863,3
0.0,0.0,0.0,0.0,1.0,1.0,0.0,0.0,1.0,0.0,0.0,5.04,0.0,0.0,23.44888132,8
1.0,0.0,0.0,1.0,0.0,0.0,1.0,0.0,0.0,0.0,0.0,5.06,0.0,0.0,20.09176301,6
0.0,1.0,1.0,0.0,0.0,1.0,0.0,1.0,0.0,0.0,0.0,5.09,0.0,0.0,20.97153179,6
1.0,0.0,0.0,0.0,0.0,1.0,1.0,0.0,0.0,0.0,1.0,5.04,0.0,0.0,16.52451128,6
0.0,1.0,0.0,0.0,1.0,1.0,0.0,1.0,0.0,0.0,0.0,5.04,0.0,0.0,15.91308348,6
1.0,1.0,0.0,0.0,1.0,1.0,1.0,0.0,0.0,0.0,0.0,4.98,0.0,0.0,20.93710392,6
0.0,0.0,1.0,1.0,1.0,1.0,0.0,0.0,1.0,0.0,0.0,4.95,0.0,0.0,17.19537,6
1.0,0.0,0.0,1.0,1.0,0.0,0.0,0.0,0.0,0.0,0.0,5.03,0.0,0.0,23.2132605,7
0.0,0.0,1.0,1.0,0.0,1.0,0.0,0.0,1.0,0.0,0.0,4.98,0.0,0.0,23.090318,9
0.0,0.0,0.0,0.0,1.0,1.0,0.0,1.0,0.0,0.0,1.0,4.95,0.0,0.0,17.19537,7
1.0,2.0,0.0,0.0,0.0,0.0,0.0,2.0,0.0,0.0,0.0,5.03,0.0,0.0,23.2132605,4
1.0,1.0,0.0,0.0,0.0,0.0,0.0,1.0,0.0,0.0,1.0,5.04,1.0,0.0,19.37757225,6
0.0,0.0,1.0,0.0,0.0,1.0,0.0,0.0,0.0,0.0,0.0,5.13,0.0,0.0,23.92605833,9
1.0,0.0,0.0,0.0,0.0,1.0,1.0,0.0,0.0,0.0,0.0,5.08,0.0,1.0,20.60491034,7
1.0,1.0,0.0,0.0,0.0,0.0,0.0,0.0,0.0,0.0,0.0,5.07,1.0,0.0,25.39032,7
0.0,0.0,1.0,1.0,1.0,1.0,0.0,0.0,1.0,0.0,1.0,5.02,0.0,0.0,20.66460442,8
0.0,1.0,1.0,1.0,1.0,1.0,0.0,0.0,0.0,0.0,0.0,5.0,0.0,0.0,20.01021195,8
0.0,1.0,0.0,0.0,1.0,1.0,0.0,0.0,0.0,0.0,0.0,4.99,0.0,0.0,16.24258944,5
1.0,1.0,0.0,1.0,1.0,0.0,0.0,1.0,1.0,0.0,0.0,5.04,0.0,0.0,23.79842017,5
2.0,1.0,0.0,0.0,0.0,0.0,1.0,0.0,0.0,0.0,0.0,5.08,0.0,0.0,16.92418021,3
2.0,0.0,1.0,0.0,0.0,0.0,1.0,1.0,0.0,0.0,0.0,5.01,0.0,0.0,16.40090566,4
0.0,0.0,1.0,0.0,1.0,1.0,1.0,0.0,0.0,0.0,0.0,5.07,0.0,1.0,20.79476835,6
2.0,0.0,0.0,0.0,0.0,0.0,1.0,0.0,0.0,0.0,0.0,4.98,0.0,0.0,17.50510091,4
1.0,0.0,0.0,0.0,0.0,0.0,1.0,1.0,0.0,0.0,0.0,5.12,0.0,0.0,20.80295287,7
0.0,0.0,0.0,1.0,0.0,0.0,0.0,1.0,0.0,0.0,0.0,5.04,1.0,0.0,20.67553813,4
1.0,1.0,0.0,0.0,0.0,0.0,0.0,1.0,0.0,0.0,0.0,5.03,0.0,0.0,22.78274154,6
2.0,0.0,0.0,0.0,0.0,0.0,1.0,1.0,0.0,1.0,0.0,4.97,0.0,0.0,17.41910962,4
0.0,1.0,0.0,0.0,0.0,1.0,1.0,0.0,0.0,0.0,0.0,5.12,0.0,0.0,21.15722069,7
0.0,0.0,1.0,1.0,1.0,0.0,0.0,0.0,0.0,0.0,0.0,5.15,0.0,0.0,20.30995862,8
0.0,1.0,0.0,1.0,1.0,1.0,0.0,1.0,1.0,0.0,0.0,5.07,0.0,0.0,24.3972605,7
0.0,0.0,1.0,0.0,0.0,0.0,0.0,0.0,0.0,0.0,0.0,4.97,1.0,0.0,17.41910962,7
1.0,1.0,1.0,0.0,1.0,1.0,0.0,0.0,0.0,0.0,1.0,5.09,1.0,0.0,20.84068966,7
0.0,1.0,0.0,1.0,1.0,0.0,1.0,1.0,0.0,0.0,0.0,5.07,0.0,0.0,23.12165153,5
0.0,2.0,0.0,0.0,0.0,0.0,0.0,2.0,0.0,0.0,0.0,4.99,0.0,1.0,16.182,3
0.0,0.0,0.0,1.0,1.0,0.0,0.0,1.0,1.0,0.0,0.0,5.08,0.0,0.0,16.61482112,8
0.0,1.0,0.0,0.0,0.0,1.0,0.0,1.0,0.0,0.0,0.0,5.15,0.0,0.0,20.30995862,6
2.0,2.0,0.0,0.0,0.0,1.0,0.0,1.0,0.0,0.0,0.0,5.06,0.0,0.0,23.16366639,3
1.0,1.0,1.0,0.0,0.0,0.0,0.0,0.0,0.0,0.0,0.0,4.99,0.0,0.0,20.52279387,7
0.0,1.0,0.0,0.0,0.0,0.0,1.0,0.0,0.0,0.0,0.0,4.98,0.0,0.0,16.36198491,4
1.0,0.0,0.0,0.0,0.0,1.0,0.0,0.0,0.0,1.0,0.0,5.08,0.0,1.0,21.24667802,5
0.0,0.0,1.0,0.0,1.0,1.0,0.0,0.0,0.0,0.0,0.0,5.07,0.0,0.0,16.10028961,8
0.0,1.0,1.0,0.0,0.0,1.0,1.0,1.0,0.0,0.0,0.0,5.03,0.0,0.0,22.69721477,5
0.0,0.0,1.0,0.0,1.0,0.0,1.0,0.0,0.0,0.0,0.0,4.98,0.0,0.0,23.090318,6
0.0,1.0,1.0,1.0,0.0,1.0,0.0,0.0,1.0,0.0,0.0,4.98,0.0,0.0,20.93710392,9
2.0,0.0,0.0,0.0,0.0,0.0,1.0,1.0,0.0,0.0,0.0,5.07,0.0,0.0,16.10028961,4
0.0,0.0,0.0,0.0,1.0,1.0,1.0,0.0,0.0,0.0,0.0,4.98,0.0,0.0,23.090318,6
0.0,1.0,1.0,0.0,1.0,1.0,0.0,1.0,0.0,0.0,0.0,5.04,0.0,0.0,20.67553813,9
1.0,0.0,0.0,1.0,1.0,1.0,0.0,1.0,0.0,0.0,0.0,5.12,0.0,0.0,16.36475298,8
1.0,0.0,0.0,0.0,1.0,0.0,0.0,0.0,0.0,0.0,0.0,5.1,0.0,1.0,23.43269333,7
2.0,0.0,0.0,0.0,1.0,0.0,0.0,0.0,0.0,1.0,0.0,5.07,0.0,0.0,23.88992,5
1.0,1.0,0.0,0.0,0.0,0.0,0.0,1.0,0.0,0.0,0.0,4.99,0.0,0.0,21.36238501,4
0.0,0.0,0.0,0.0,0.0,1.0,1.0,1.0,0.0,0.0,0.0,5.1,0.0,0.0,24.20130201,6
0.0,0.0,1.0,1.0,0.0,1.0,0.0,0.0,0.0,0.0,0.0,5.02,0.0,0.0,20.6129722,7
1.0,1.0,0.0,0.0,0.0,1.0,0.0,1.0,0.0,0.0,0.0,5.08,0.0,1.0,20.38346394,4
2.0,0.0,0.0,0.0,0.0,0.0,1.0,0.0,0.0,0.0,0.0,5.02,0.0,0.0,19.56651252,4
1.0,1.0,1.0,0.0,1.0,1.0,0.0,0.0,0.0,0.0,0.0,5.05,0.0,1.0,17.51919647,5
1.0,0.0,0.0,0.0,0.0,0.0,1.0,0.0,0.0,0.0,0.0,5.03,1.0,0.0,16.97957978,5
1.0,1.0,0.0,0.0,0.0,1.0,1.0,0.0,0.0,0.0,0.0,5.09,0.0,0.0,21.12749574,4
0.0,1.0,0.0,0.0,1.0,0.0,0.0,0.0,0.0,0.0,0.0,4.97,0.0,0.0,20.75042053,5
0.0,1.0,0.0,0.0,0.0,1.0,1.0,0.0,1.0,0.0,0.0,5.08,0.0,0.0,16.61396913,7
1.0,1.0,0.0,0.0,0.0,0.0,1.0,1.0,0.0,0.0,1.0,5.08,0.0,0.0,16.61396913,3
0.0,2.0,0.0,0.0,0.0,1.0,0.0,0.0,0.0,0.0,0.0,4.96,0.0,0.0,23.25763771,5
0.0,0.0,1.0,0.0,1.0,1.0,1.0,1.0,0.0,0.0,0.0,5.05,0.0,0.0,17.51919647,6
0.0,0.0,0.0,1.0,1.0,1.0,0.0,1.0,0.0,0.0,0.0,5.06,0.0,0.0,24.06409167,7
1.0,1.0,0.0,0.0,0.0,1.0,0.0,1.0,0.0,0.0,0.0,5.1,0.0,1.0,20.15248276,3
0.0,0.0,0.0,1.0,1.0,0.0,0.0,0.0,0.0,0.0,0.0,5.02,0.0,0.0,20.69212947,7
1.0,1.0,0.0,0.0,0.0,0.0,1.0,1.0,0.0,0.0,0.0,5.07,0.0,1.0,23.88992,7
0.0,1.0,0.0,0.0,1.0,0.0,0.0,0.0,0.0,0.0,0.0,5.1,0.0,0.0,16.59760931,7
2.0,1.0,0.0,0.0,1.0,1.0,1.0,1.0,0.0,0.0,0.0,5.08,1.0,1.0,16.65302335,3
0.0,1.0,0.0,1.0,1.0,0.0,0.0,0.0,1.0,0.0,0.0,5.11,0.0,0.0,19.45402759,8
1.0,0.0,0.0,0.0,0.0,0.0,1.0,0.0,0.0,0.0,0.0,5.08,0.0,0.0,21.27345826,4
0.0,0.0,1.0,0.0,1.0,1.0,0.0,0.0,0.0,0.0,0.0,5.03,0.0,0.0,16.73512308,8
0.0,2.0,0.0,0.0,0.0,1.0,1.0,1.0,0.0,0.0,0.0,5.12,0.0,0.0,16.36475298,6
0.0,2.0,0.0,0.0,0.0,0.0,0.0,1.0,0.0,0.0,0.0,5.08,0.0,0.0,24.65228571,4
1.0,2.0,0.0,0.0,0.0,0.0,1.0,1.0,0.0,0.0,1.0,5.03,0.0,1.0,22.69721477,4
1.0,0.0,1.0,0.0,1.0,1.0,0.0,0.0,0.0,0.0,0.0,4.97,0.0,0.0,17.6271666,8
0.0,0.0,0.0,1.0,1.0,0.0,0.0,0.0,0.0,0.0,0.0,5.08,0.0,0.0,21.43162976,7
2.0,1.0,0.0,1.0,0.0,0.0,0.0,2.0,0.0,0.0,1.0,4.96,0.0,1.0,17.58986941,4
1.0,0.0,0.0,0.0,0.0,0.0,1.0,1.0,0.0,0.0,0.0,4.97,0.0,0.0,17.41910962,6
0.0,0.0,0.0,1.0,1.0,1.0,0.0,0.0,0.0,0.0,0.0,5.07,0.0,0.0,24.82826667,6
1.0,1.0,0.0,0.0,1.0,1.0,0.0,1.0,0.0,0.0,0.0,5.01,0.0,0.0,16.91967064,3
0.0,0.0,0.0,1.0,1.0,1.0,1.0,0.0,1.0,0.0,0.0,5.05,0.0,0.0,19.64248555,8
0.0,0.0,0.0,0.0,0.0,1.0,1.0,0.0,0.0,0.0,0.0,5.08,0.0,0.0,21.24667802,5
2.0,1.0,0.0,0.0,0.0,1.0,0.0,1.0,0.0,0.0,0.0,5.05,0.0,0.0,16.86856899,4
0.0,0.0,0.0,1.0,1.0,0.0,0.0,1.0,0.0,0.0,1.0,5.08,0.0,0.0,16.65302335,7
0.0,0.0,1.0,1.0,0.0,1.0,0.0,0.0,1.0,0.0,0.0,5.06,0.0,0.0,23.16366639,8
1.0,1.0,0.0,0.0,0.0,1.0,0.0,0.0,0.0,0.0,0.0,5.12,1.0,0.0,21.30333103,7
1.0,1.0,1.0,0.0,1.0,0.0,0.0,0.0,0.0,0.0,0.0,5.08,1.0,1.0,16.61396913,7
0.0,1.0,0.0,0.0,1.0,1.0,1.0,0.0,0.0,0.0,0.0,5.12,0.0,0.0,20.80295287,6
1.0,0.0,0.0,0.0,1.0,0.0,0.0,1.0,1.0,0.0,0.0,5.03,0.0,1.0,16.73512308,9
1.0,1.0,0.0,0.0,0.0,0.0,0.0,1.0,0.0,0.0,0.0,5.05,0.0,0.0,20.82214651,6
0.0,0.0,0.0,0.0,0.0,1.0,1.0,0.0,0.0,0.0,0.0,5.02,0.0,0.0,16.44198183,7
1.0,0.0,0.0,0.0,0.0,1.0,1.0,1.0,0.0,0.0,0.0,4.95,0.0,0.0,17.25302731,6
1.0,1.0,0.0,0.0,0.0,1.0,0.0,1.0,0.0,0.0,0.0,5.03,0.0,0.0,16.73512308,5
1.0,0.0,0.0,0.0,0.0,0.0,1.0,0.0,0.0,1.0,0.0,5.01,1.0,1.0,16.40090566,6
1.0,0.0,0.0,0.0,0.0,0.0,1.0,0.0,0.0,0.0,0.0,5.09,0.0,0.0,21.12749574,6
2.0,0.0,0.0,0.0,0.0,0.0,0.0,0.0,0.0,0.0,1.0,5.01,0.0,0.0,20.29815029,3
1.0,0.0,0.0,0.0,0.0,0.0,1.0,0.0,0.0,0.0,0.0,5.08,0.0,1.0,16.65302335,3
0.0,1.0,0.0,0.0,1.0,1.0,0.0,0.0,0.0,0.0,0.0,5.15,0.0,0.0,20.76175862,7
1.0,1.0,0.0,0.0,1.0,0.0,1.0,1.0,0.0,0.0,0.0,5.04,0.0,0.0,24.13517647,4
0.0,0.0,0.0,0.0,0.0,0.0,0.0,0.0,0.0,0.0,0.0,5.01,1.0,1.0,16.40090566,9
0.0,0.0,0.0,0.0,0.0,0.0,1.0,0.0,0.0,1.0,1.0,5.02,1.0,0.0,20.79618399,8
1.0,0.0,0.0,0.0,0.0,0.0,0.0,1.0,0.0,0.0,0.0,5.07,0.0,0.0,23.12165153,2
2.0,2.0,0.0,0.0,0.0,0.0,1.0,0.0,0.0,0.0,1.0,4.97,0.0,0.0,16.54689355,5
1.0,2.0,0.0,0.0,0.0,1.0,0.0,1.0,0.0,0.0,0.0,5.03,0.0,0.0,16.97957978,4
0.0,1.0,0.0,0.0,0.0,1.0,1.0,0.0,1.0,0.0,0.0,5.04,0.0,0.0,16.73130194,7
1.0,0.0,0.0,0.0,0.0,1.0,1.0,0.0,0.0,0.0,0.0,5.02,0.0,0.0,20.66460442,5
0.0,0.0,0.0,0.0,1.0,1.0,0.0,0.0,0.0,0.0,0.0,5.02,0.0,0.0,16.44198183,8
0.0,0.0,0.0,1.0,0.0,0.0,1.0,0.0,0.0,0.0,0.0,5.03,0.0,1.0,19.94797688,7
0.0,0.0,0.0,1.0,1.0,0.0,0.0,1.0,1.0,0.0,0.0,5.1,0.0,0.0,24.20130201,7
1.0,0.0,1.0,0.0,0.0,1.0,1.0,0.0,0.0,0.0,0.0,5.04,0.0,0.0,17.34746865,8
1.0,1.0,0.0,0.0,0.0,1.0,1.0,1.0,0.0,0.0,0.0,5.06,0.0,0.0,22.21796,5
0.0,1.0,0.0,0.0,0.0,0.0,1.0,0.0,0.0,0.0,0.0,4.99,1.0,0.0,21.36238501,8
1.0,0.0,1.0,0.0,0.0,1.0,1.0,0.0,0.0,0.0,0.0,5.09,0.0,0.0,21.12749574,6
0.0,1.0,1.0,0.0,1.0,1.0,0.0,0.0,1.0,0.0,0.0,5.05,0.0,0.0,23.39778535,7
1.0,1.0,1.0,0.0,0.0,1.0,1.0,0.0,0.0,0.0,0.0,4.97,1.0,0.0,16.8046167,6
1.0,0.0,0.0,0.0,0.0,1.0,0.0,1.0,0.0,0.0,0.0,5.03,0.0,0.0,16.24142592,5
1.0,0.0,0.0,0.0,0.0,0.0,1.0,1.0,0.0,0.0,1.0,5.03,1.0,0.0,23.61850085,4
1.0,0.0,0.0,0.0,0.0,0.0,0.0,0.0,0.0,0.0,0.0,5.06,1.0,0.0,24.39167114,6
2.0,2.0,0.0,1.0,0.0,0.0,0.0,2.0,0.0,0.0,0.0,5.06,0.0,0.0,23.16366639,4
1.0,1.0,0.0,0.0,0.0,1.0,1.0,0.0,0.0,0.0,0.0,5.04,0.0,0.0,16.52451128,8
0.0,2.0,0.0,0.0,0.0,0.0,0.0,2.0,1.0,0.0,1.0,5.08,0.0,0.0,20.05915895,4
1.0,1.0,0.0,1.0,0.0,0.0,0.0,1.0,0.0,0.0,0.0,5.15,1.0,0.0,20.30995862,7
0.0,0.0,0.0,0.0,0.0,0.0,0.0,0.0,0.0,1.0,0.0,5.0,0.0,0.0,22.58775696,8
1.0,1.0,0.0,0.0,0.0,1.0,0.0,0.0,0.0,0.0,0.0,5.04,0.0,1.0,22.48859739,7
1.0,1.0,0.0,0.0,0.0,0.0,1.0,1.0,1.0,0.0,0.0,5.08,0.0,0.0,24.65228571,5
0.0,0.0,1.0,0.0,1.0,1.0,0.0,0.0,1.0,0.0,0.0,5.04,0.0,0.0,17.34746865,8
1.0,1.0,1.0,1.0,0.0,1.0,0.0,0.0,0.0,0.0,0.0,5.05,0.0,0.0,16.16303237,6
1.0,0.0,0.0,0.0,0.0,1.0,0.0,0.0,0.0,0.0,0.0,4.97,0.0,0.0,17.6271666,7
0.0,0.0,0.0,1.0,0.0,1.0,0.0,0.0,0.0,0.0,0.0,5.06,0.0,0.0,22.21796,7
0.0,0.0,1.0,0.0,0.0,0.0,0.0,1.0,0.0,0.0,0.0,5.0,0.0,0.0,21.86684838,6
2.0,0.0,0.0,0.0,0.0,0.0,0.0,0.0,0.0,0.0,0.0,5.03,1.0,0.0,23.61850085,3
1.0,0.0,0.0,0.0,1.0,1.0,0.0,0.0,0.0,0.0,0.0,5.04,0.0,0.0,17.34746865,7
0.0,0.0,1.0,0.0,0.0,1.0,1.0,1.0,0.0,0.0,0.0,5.06,0.0,1.0,20.6053931,6
1.0,0.0,1.0,0.0,0.0,1.0,0.0,0.0,0.0,0.0,0.0,5.01,0.0,0.0,19.54706166,6
0.0,0.0,0.0,0.0,0.0,1.0,0.0,0.0,0.0,0.0,0.0,4.95,0.0,0.0,16.14680863,6
2.0,1.0,0.0,0.0,0.0,0.0,1.0,1.0,0.0,0.0,1.0,5.02,0.0,0.0,17.13424988,4
1.0,1.0,0.0,0.0,0.0,0.0,1.0,0.0,0.0,0.0,0.0,5.06,0.0,0.0,23.16366639,3
1.0,1.0,0.0,0.0,0.0,0.0,1.0,0.0,0.0,0.0,0.0,5.07,0.0,0.0,23.88992,3
0.0,0.0,0.0,0.0,0.0,0.0,0.0,1.0,0.0,0.0,0.0,5.07,1.0,0.0,23.12165153,4
0.0,0.0,0.0,0.0,0.0,1.0,0.0,0.0,1.0,0.0,0.0,5.04,0.0,0.0,22.48859739,7
1.0,1.0,0.0,0.0,0.0,1.0,0.0,1.0,1.0,0.0,0.0,5.02,0.0,0.0,19.56651252,6
2.0,2.0,0.0,0.0,0.0,0.0,1.0,2.0,0.0,0.0,0.0,5.1,0.0,0.0,21.06042589,4
0.0,1.0,0.0,0.0,1.0,0.0,0.0,0.0,0.0,0.0,0.0,4.95,0.0,0.0,16.14680863,7
0.0,0.0,1.0,1.0,0.0,1.0,0.0,0.0,1.0,0.0,0.0,5.1,0.0,0.0,24.20130201,6
0.0,1.0,0.0,0.0,1.0,0.0,0.0,0.0,0.0,0.0,0.0,4.97,1.0,0.0,16.8046167,8
1.0,1.0,0.0,0.0,0.0,0.0,0.0,1.0,0.0,0.0,0.0,4.97,1.0,1.0,16.32868825,2
0.0,1.0,1.0,0.0,1.0,1.0,0.0,1.0,0.0,0.0,0.0,5.08,0.0,1.0,21.24667802,4
1.0,0.0,0.0,0.0,0.0,0.0,1.0,1.0,0.0,0.0,0.0,5.12,0.0,0.0,21.31247587,4
1.0,1.0,0.0,0.0,0.0,0.0,0.0,1.0,0.0,0.0,0.0,5.09,0.0,0.0,20.97153179,5
0.0,0.0,0.0,0.0,1.0,1.0,0.0,1.0,0.0,1.0,1.0,5.01,1.0,0.0,19.43946897,6
1.0,1.0,0.0,0.0,0.0,0.0,1.0,0.0,0.0,0.0,0.0,4.97,1.0,0.0,16.54689355,4
0.0,0.0,1.0,1.0,1.0,1.0,0.0,0.0,1.0,0.0,0.0,5.06,0.0,0.0,23.9945088,8
0.0,0.0,1.0,0.0,0.0,1.0,0.0,0.0,1.0,0.0,0.0,5.02,0.0,0.0,16.44198183,7
0.0,0.0,1.0,0.0,0.0,0.0,0.0,0.0,0.0,0.0,0.0,5.01,0.0,0.0,22.38886996,6
0.0,0.0,0.0,0.0,1.0,1.0,0.0,0.0,0.0,0.0,0.0,5.06,0.0,1.0,20.05112235,8
1.0,1.0,0.0,0.0,0.0,0.0,1.0,1.0,0.0,0.0,1.0,5.08,0.0,0.0,20.60491034,4
1.0,1.0,0.0,0.0,0.0,0.0,0.0,1.0,0.0,0.0,1.0,5.1,1.0,1.0,24.20130201,6
1.0,1.0,0.0,0.0,0.0,0.0,0.0,1.0,0.0,0.0,1.0,5.02,0.0,0.0,20.6129722,5
0.0,0.0,0.0,0.0,0.0,0.0,1.0,0.0,0.0,0.0,0.0,5.06,0.0,0.0,22.30003303,6
1.0,0.0,0.0,0.0,0.0,0.0,1.0,0.0,0.0,0.0,1.0,5.04,0.0,0.0,16.52451128,4
2.0,2.0,0.0,0.0,0.0,0.0,0.0,1.0,0.0,0.0,0.0,5.06,0.0,0.0,20.6053931,3
0.0,0.0,0.0,0.0,1.0,1.0,1.0,0.0,0.0,0.0,0.0,5.03,0.0,0.0,19.94797688,6
1.0,1.0,0.0,0.0,0.0,1.0,0.0,0.0,0.0,0.0,0.0,5.1,0.0,0.0,19.3421869,7
0.0,1.0,0.0,1.0,0.0,0.0,0.0,0.0,0.0,0.0,0.0,5.05,0.0,0.0,16.86856899,7
0.0,0.0,0.0,1.0,0.0,0.0,0.0,0.0,0.0,0.0,0.0,5.0,0.0,0.0,21.86684838,7
0.0,0.0,0.0,0.0,0.0,0.0,0.0,0.0,1.0,0.0,1.0,5.07,0.0,1.0,23.88992,5
1.0,1.0,0.0,0.0,0.0,0.0,1.0,1.0,0.0,0.0,0.0,5.03,0.0,0.0,22.69721477,7
0.0,0.0,0.0,0.0,0.0,0.0,0.0,0.0,0.0,0.0,0.0,5.12,0.0,0.0,21.31247587,6
0.0,0.0,0.0,0.0,1.0,1.0,1.0,0.0,0.0,1.0,0.0,5.01,0.0,1.0,22.38886996,8
0.0,1.0,0.0,0.0,1.0,1.0,0.0,0.0,0.0,0.0,0.0,5.09,0.0,1.0,20.97153179,8
0.0,0.0,0.0,0.0,0.0,1.0,0.0,1.0,0.0,0.0,0.0,4.96,1.0,0.0,23.25763771,7
2.0,0.0,0.0,0.0,0.0,1.0,1.0,0.0,0.0,0.0,0.0,4.97,0.0,0.0,16.54689355,4
1.0,0.0,1.0,0.0,0.0,1.0,1.0,0.0,0.0,0.0,0.0,5.1,0.0,0.0,23.43269333,7
1.0,0.0,1.0,0.0,0.0,0.0,0.0,0.0,0.0,0.0,0.0,5.06,0.0,0.0,22.21796,7
0.0,1.0,1.0,1.0,1.0,0.0,0.0,1.0,0.0,0.0,0.0,5.03,0.0,0.0,23.56796,8
0.0,0.0,1.0,0.0,1.0,1.0,0.0,0.0,0.0,0.0,0.0,5.04,0.0,1.0,22.48859739,7
0.0,0.0,1.0,0.0,0.0,1.0,0.0,1.0,0.0,0.0,0.0,5.05,0.0,1.0,22.94250667,7
2.0,0.0,0.0,0.0,1.0,1.0,1.0,1.0,1.0,0.0,0.0,5.01,0.0,0.0,16.40531816,3
0.0,1.0,0.0,0.0,0.0,0.0,1.0,0.0,0.0,0.0,0.0,5.05,0.0,0.0,23.39778535,7
0.0,0.0,0.0,1.0,0.0,1.0,0.0,0.0,0.0,0.0,0.0,4.98,0.0,0.0,16.84029529,8
2.0,0.0,0.0,0.0,0.0,0.0,1.0,0.0,0.0,0.0,0.0,5.1,0.0,0.0,23.43269333,5
0.0,0.0,0.0,0.0,1.0,1.0,0.0,0.0,0.0,0.0,0.0,4.98,0.0,1.0,16.84029529,7
0.0,0.0,0.0,0.0,1.0,1.0,0.0,0.0,0.0,0.0,0.0,5.02,0.0,1.0,20.79618399,6
1.0,0.0,0.0,0.0,1.0,1.0,1.0,0.0,0.0,0.0,0.0,5.07,0.0,1.0,19.85620906,6
0.0,1.0,0.0,1.0,0.0,0.0,0.0,0.0,1.0,0.0,0.0,5.0,0.0,0.0,16.41680863,8
0.0,0.0,0.0,0.0,1.0,1.0,0.0,1.0,0.0,0.0,0.0,5.02,0.0,0.0,20.79618399,7
0.0,0.0,0.0,0.0,1.0,1.0,0.0,0.0,1.0,0.0,0.0,5.06,0.0,0.0,23.9945088,8
1.0,0.0,0.0,0.0,1.0,0.0,1.0,0.0,0.0,0.0,0.0,5.04,0.0,0.0,19.37757225,7
0.0,1.0,0.0,0.0,1.0,1.0,0.0,0.0,0.0,0.0,0.0,5.02,0.0,0.0,16.49862642,6
2.0,0.0,0.0,0.0,0.0,1.0,1.0,0.0,0.0,0.0,1.0,5.01,0.0,0.0,19.54706166,2
1.0,0.0,1.0,0.0,1.0,0.0,0.0,1.0,0.0,0.0,0.0,5.05,0.0,0.0,19.64248555,7
0.0,2.0,0.0,0.0,0.0,0.0,0.0,2.0,0.0,0.0,0.0,5.04,0.0,0.0,20.67553813,5
0.0,0.0,1.0,1.0,0.0,1.0,0.0,0.0,0.0,0.0,0.0,4.99,0.0,0.0,21.36238501,8
0.0,1.0,0.0,0.0,0.0,1.0,0.0,0.0,0.0,0.0,0.0,5.07,0.0,1.0,24.8558,6
0.0,0.0,1.0,0.0,1.0,1.0,0.0,0.0,0.0,0.0,0.0,5.08,0.0,0.0,20.04344828,9
0.0,0.0,0.0,0.0,0.0,1.0,0.0,0.0,0.0,0.0,0.0,5.08,0.0,1.0,21.24667802,6
0.0,1.0,0.0,0.0,1.0,0.0,0.0,0.0,1.0,0.0,0.0,5.08,1.0,0.0,20.60491034,7
0.0,1.0,1.0,0.0,0.0,0.0,1.0,0.0,0.0,0.0,0.0,5.12,0.0,0.0,21.31247587,6
0.0,0.0,0.0,1.0,0.0,0.0,0.0,0.0,0.0,0.0,0.0,5.08,0.0,0.0,16.61396913,8
2.0,0.0,0.0,0.0,0.0,0.0,1.0,0.0,0.0,0.0,1.0,5.04,0.0,0.0,16.51622642,4
1.0,1.0,0.0,0.0,0.0,0.0,0.0,0.0,0.0,1.0,1.0,5.02,0.0,0.0,20.66460442,4
0.0,1.0,0.0,0.0,0.0,1.0,0.0,0.0,0.0,0.0,0.0,5.06,0.0,0.0,24.06409167,6
0.0,0.0,0.0,1.0,0.0,0.0,0.0,0.0,0.0,0.0,0.0,5.05,0.0,0.0,19.82575626,8
0.0,0.0,1.0,1.0,1.0,1.0,0.0,0.0,0.0,0.0,0.0,5.08,0.0,0.0,20.38346394,8
0.0,0.0,1.0,0.0,0.0,1.0,0.0,0.0,1.0,0.0,0.0,5.04,0.0,0.0,15.91308348,6
1.0,0.0,0.0,1.0,1.0,1.0,0.0,0.0,1.0,0.0,0.0,5.08,0.0,0.0,16.65302335,7
2.0,2.0,0.0,0.0,0.0,1.0,0.0,1.0,0.0,0.0,0.0,5.12,0.0,0.0,16.36475298,2
1.0,0.0,0.0,0.0,1.0,0.0,0.0,0.0,0.0,0.0,0.0,5.06,1.0,0.0,20.57765517,7
0.0,1.0,0.0,0.0,0.0,1.0,0.0,0.0,0.0,0.0,0.0,5.07,0.0,0.0,21.21118683,5
0.0,1.0,0.0,0.0,0.0,1.0,1.0,1.0,0.0,0.0,0.0,5.02,0.0,0.0,17.13424988,7
2.0,0.0,0.0,0.0,1.0,1.0,0.0,1.0,0.0,0.0,0.0,5.07,0.0,0.0,24.82826667,5
0.0,0.0,0.0,1.0,1.0,1.0,1.0,0.0,0.0,0.0,0.0,5.04,0.0,0.0,20.02932081,7
0.0,0.0,1.0,0.0,1.0,0.0,0.0,0.0,0.0,0.0,0.0,5.13,0.0,0.0,24.492375,7
0.0,0.0,1.0,0.0,0.0,1.0,0.0,1.0,0.0,0.0,0.0,4.94,0.0,0.0,16.98132373,7
1.0,1.0,0.0,0.0,1.0,0.0,1.0,0.0,1.0,0.0,0.0,5.09,0.0,0.0,20.97153179,7
0.0,1.0,0.0,0.0,0.0,1.0,0.0,1.0,0.0,0.0,0.0,5.08,0.0,0.0,21.27345826,6
0.0,0.0,0.0,0.0,0.0,1.0,0.0,1.0,0.0,0.0,0.0,5.01,0.0,0.0,16.40531816,7
2.0,2.0,0.0,0.0,0.0,0.0,0.0,2.0,0.0,0.0,0.0,5.06,0.0,0.0,23.16366639,4
1.0,0.0,1.0,0.0,0.0,0.0,0.0,0.0,1.0,0.0,0.0,5.03,0.0,0.0,16.73512308,7
1.0,0.0,0.0,0.0,0.0,0.0,1.0,0.0,0.0,0.0,0.0,5.05,0.0,0.0,16.86856899,5
1.0,1.0,0.0,0.0,0.0,0.0,1.0,1.0,0.0,0.0,0.0,5.05,0.0,0.0,17.51919647,5
0.0,0.0,1.0,1.0,1.0,1.0,0.0,0.0,1.0,0.0,0.0,5.01,0.0,0.0,16.40090566,9
0.0,1.0,0.0,0.0,0.0,0.0,0.0,0.0,0.0,0.0,1.0,5.02,0.0,0.0,27.83124161,4
1.0,0.0,0.0,0.0,0.0,0.0,1.0,0.0,0.0,0.0,1.0,4.98,0.0,0.0,16.36198491,4
0.0,0.0,1.0,0.0,1.0,1.0,0.0,0.0,0.0,0.0,0.0,5.08,0.0,0.0,24.65228571,9
1.0,2.0,0.0,0.0,0.0,0.0,0.0,0.0,0.0,0.0,0.0,4.96,1.0,0.0,17.58986941,3
0.0,0.0,0.0,0.0,0.0,1.0,0.0,0.0,1.0,0.0,0.0,5.02,0.0,0.0,20.6129722,8
1.0,2.0,0.0,0.0,0.0,0.0,0.0,2.0,0.0,0.0,0.0,4.99,1.0,0.0,16.24258944,5
0.0,1.0,1.0,0.0,1.0,1.0,0.0,1.0,0.0,0.0,0.0,5.07,0.0,0.0,16.10028961,7
2.0,0.0,0.0,0.0,0.0,0.0,1.0,2.0,0.0,0.0,0.0,5.06,0.0,0.0,17.25293544,4
0.0,0.0,0.0,0.0,0.0,1.0,0.0,0.0,0.0,0.0,0.0,5.04,0.0,0.0,24.83705705,7
0.0,1.0,0.0,1.0,0.0,0.0,0.0,0.0,0.0,0.0,0.0,4.97,0.0,0.0,16.8046167,7
2.0,1.0,0.0,0.0,1.0,0.0,0.0,2.0,0.0,1.0,0.0,5.07,0.0,1.0,22.93353,1
0.0,1.0,0.0,0.0,1.0,0.0,1.0,0.0,1.0,0.0,0.0,5.08,0.0,0.0,16.61396913,8
0.0,0.0,1.0,0.0,1.0,0.0,1.0,0.0,1.0,0.0,0.0,5.15,0.0,0.0,20.30995862,8
0.0,0.0,1.0,1.0,1.0,0.0,0.0,0.0,0.0,0.0,0.0,5.05,0.0,0.0,16.86856899,8
0.0,2.0,0.0,0.0,0.0,1.0,0.0,0.0,0.0,0.0,0.0,5.09,0.0,0.0,19.59817919,5
1.0,0.0,1.0,0.0,0.0,1.0,1.0,0.0,0.0,0.0,0.0,4.98,0.0,0.0,20.760636,7
0.0,1.0,0.0,0.0,1.0,1.0,0.0,0.0,0.0,0.0,0.0,5.08,0.0,1.0,16.65302335,7
0.0,0.0,1.0,0.0,0.0,1.0,0.0,0.0,0.0,0.0,0.0,4.97,0.0,0.0,16.98679981,8
1.0,1.0,0.0,0.0,0.0,0.0,1.0,0.0,0.0,0.0,0.0,5.08,1.0,0.0,20.05915895,4
0.0,0.0,0.0,0.0,0.0,1.0,0.0,0.0,0.0,0.0,0.0,5.09,0.0,0.0,21.12749574,8
1.0,1.0,0.0,0.0,0.0,1.0,1.0,1.0,0.0,0.0,0.0,5.1,0.0,0.0,16.59760931,7
0.0,1.0,0.0,0.0,0.0,1.0,0.0,1.0,0.0,0.0,0.0,5.03,0.0,0.0,20.99829074,5
1.0,1.0,0.0,0.0,0.0,0.0,1.0,1.0,0.0,0.0,0.0,5.06,0.0,0.0,20.05112235,6
1.0,1.0,0.0,0.0,0.0,0.0,1.0,0.0,0.0,0.0,0.0,5.04,1.0,0.0,20.23410405,4
1.0,0.0,0.0,0.0,0.0,0.0,0.0,0.0,0.0,0.0,0.0,5.02,1.0,0.0,20.66460442,7
1.0,2.0,0.0,0.0,0.0,1.0,0.0,2.0,0.0,0.0,0.0,5.01,1.0,0.0,16.34325287,5
0.0,1.0,0.0,0.0,0.0,0.0,1.0,0.0,0.0,0.0,0.0,5.04,0.0,1.0,16.51622642,5
0.0,0.0,1.0,0.0,0.0,0.0,1.0,0.0,0.0,0.0,0.0,5.08,0.0,0.0,16.61396913,7
1.0,1.0,0.0,0.0,1.0,1.0,1.0,0.0,0.0,0.0,0.0,5.05,0.0,0.0,22.94250667,8
1.0,1.0,0.0,0.0,1.0,0.0,0.0,1.0,0.0,0.0,0.0,5.06,0.0,0.0,20.05112235,6
1.0,0.0,0.0,1.0,0.0,1.0,0.0,0.0,0.0,0.0,0.0,5.08,0.0,0.0,20.38346394,7
1.0,0.0,0.0,0.0,0.0,0.0,1.0,1.0,0.0,0.0,0.0,5.02,1.0,0.0,16.44198183,4
1.0,1.0,0.0,0.0,1.0,1.0,1.0,0.0,0.0,0.0,0.0,4.95,0.0,0.0,17.25302731,4
0.0,0.0,0.0,0.0,1.0,1.0,0.0,0.0,0.0,0.0,0.0,5.05,0.0,0.0,22.94250667,6
1.0,0.0,0.0,0.0,0.0,1.0,1.0,0.0,0.0,0.0,0.0,5.02,0.0,0.0,19.56651252,5
1.0,0.0,0.0,0.0,0.0,1.0,0.0,0.0,0.0,0.0,0.0,5.07,0.0,0.0,23.88992,7
0.0,0.0,0.0,0.0,0.0,1.0,0.0,0.0,0.0,0.0,0.0,5.08,0.0,0.0,20.04344828,7
0.0,1.0,0.0,0.0,0.0,0.0,0.0,0.0,0.0,0.0,0.0,5.02,1.0,0.0,20.6129722,5
