scaler_0__Flavor intensity (adj),scaler_1__Acidity (adj),scaler_2__Sweet,binary_liking
0.7432992357845871,-0.853774725906488,-0.461780201589941,1
-0.8375909067208234,-0.853774725906488,-0.461780201589941,1
-0.8375909067208234,-0.853774725906488,2.165532425506618,1
-0.8375909067208234,-0.853774725906488,-0.461780201589941,1
-0.8375909067208234,0.6875184791663929,-0.461780201589941,1
0.7432992357845871,0.6875184791663929,-0.461780201589941,1
2.3241893782899976,-0.853774725906488,-0.461780201589941,1
2.3241893782899976,-0.853774725906488,-0.461780201589941,1
0.7432992357845871,2.228811684239274,-0.461780201589941,0
-0.8375909067208234,-0.853774725906488,2.165532425506618,1
-0.8375909067208234,-0.853774725906488,-0.461780201589941,1
-0.8375909067208234,-0.853774725906488,-0.461780201589941,1
-0.8375909067208234,0.6875184791663929,-0.461780201589941,1
-0.8375909067208234,-0.853774725906488,-0.461780201589941,1
-0.8375909067208234,-0.853774725906488,2.165532425506618,1
-0.8375909067208234,-0.853774725906488,-0.461780201589941,1
-0.8375909067208234,0.6875184791663929,-0.461780201589941,1
-0.8375909067208234,0.6875184791663929,-0.461780201589941,1
-0.8375909067208234,0.6875184791663929,-0.461780201589941,0
0.7432992357845871,0.6875184791663929,-0.461780201589941,0
-0.8375909067208234,-0.853774725906488,2.165532425506618,1
-0.8375909067208234,2.228811684239274,-0.461780201589941,0
2.3241893782899976,2.228811684239274,-0.461780201589941,0
-0.8375909067208234,0.6875184791663929,-0.461780201589941,0
-0.8375909067208234,0.6875184791663929,-0.461780201589941,1
-0.8375909067208234,0.6875184791663929,-0.461780201589941,1
-0.8375909067208234,0.6875184791663929,-0.461780201589941,1
-0.8375909067208234,-0.853774725906488,2.165532425506618,1
-0.8375909067208234,0.6875184791663929,-0.461780201589941,1
-0.8375909067208234,0.6875184791663929,-0.461780201589941,0
-0.8375909067208234,-0.853774725906488,2.165532425506618,1
-0.8375909067208234,-0.853774725906488,2.165532425506618,1
0.7432992357845871,0.6875184791663929,-0.461780201589941,1
0.7432992357845871,0.6875184791663929,-0.461780201589941,1
-0.8375909067208234,2.228811684239274,-0.461780201589941,0
-0.8375909067208234,-0.853774725906488,2.165532425506618,1
-0.8375909067208234,-0.853774725906488,-0.461780201589941,1
0.7432992357845871,-0.853774725906488,-0.461780201589941,0
0.7432992357845871,0.6875184791663929,-0.461780201589941,0
-0.8375909067208234,-0.853774725906488,-0.461780201589941,1
0.7432992357845871,0.6875184791663929,-0.461780201589941,0
0.7432992357845871,0.6875184791663929,-0.461780201589941,1
-0.8375909067208234,-0.853774725906488,-0.461780201589941,1
0.7432992357845871,0.6875184791663929,-0.461780201589941,1
0.7432992357845871,0.6875184791663929,-0.461780201589941,0
0.7432992357845871,0.6875184791663929,-0.461780201589941,1
-0.8375909067208234,0.6875184791663929,-0.461780201589941,0
-0.8375909067208234,-0.853774725906488,-0.461780201589941,1
-0.8375909067208234,-0.853774725906488,-0.461780201589941,1
-0.8375909067208234,0.6875184791663929,-0.461780201589941,0
-0.8375909067208234,-0.853774725906488,2.165532425506618,1
-0.8375909067208234,-0.853774725906488,-0.461780201589941,1
0.7432992357845871,2.228811684239274,-0.461780201589941,0
-0.8375909067208234,0.6875184791663929,-0.461780201589941,0
2.3241893782899976,-0.853774725906488,-0.461780201589941,0
0.7432992357845871,-0.853774725906488,-0.461780201589941,0
0.7432992357845871,-0.853774725906488,-0.461780201589941,1
0.7432992357845871,-0.853774725906488,-0.461780201589941,1
0.7432992357845871,-0.853774725906488,-0.461780201589941,0
0.7432992357845871,-0.853774725906488,-0.461780201589941,0
-0.8375909067208234,-0.853774725906488,-0.461780201589941,1
-0.8375909067208234,0.6875184791663929,2.165532425506618,1
-0.8375909067208234,-0.853774725906488,-0.461780201589941,1
-0.8375909067208234,2.228811684239274,-0.461780201589941,0
0.7432992357845871,-0.853774725906488,-0.461780201589941,0
-0.8375909067208234,-0.853774725906488,-0.461780201589941,1
-0.8375909067208234,-0.853774725906488,-0.461780201589941,1
-0.8375909067208234,0.6875184791663929,-0.461780201589941,1
-0.8375909067208234,-0.853774725906488,-0.461780201589941,1
-0.8375909067208234,-0.853774725906488,-0.461780201589941,1
2.3241893782899976,2.228811684239274,-0.461780201589941,0
-0.8375909067208234,-0.853774725906488,-0.461780201589941,1
-0.8375909067208234,-0.853774725906488,-0.461780201589941,0
0.7432992357845871,-0.853774725906488,-0.461780201589941,1
-0.8375909067208234,-0.853774725906488,2.165532425506618,0
-0.8375909067208234,0.6875184791663929,-0.461780201589941,0
-0.8375909067208234,-0.853774725906488,-0.461780201589941,0
-0.8375909067208234,0.6875184791663929,-0.461780201589941,1
-0.8375909067208234,0.6875184791663929,-0.461780201589941,0
0.7432992357845871,0.6875184791663929,-0.461780201589941,1
2.3241893782899976,0.6875184791663929,-0.461780201589941,0
-0.8375909067208234,0.6875184791663929,-0.461780201589941,0
-0.8375909067208234,-0.853774725906488,2.165532425506618,1
0.7432992357845871,0.6875184791663929,-0.461780201589941,1
0.7432992357845871,-0.853774725906488,-0.461780201589941,1
-0.8375909067208234,-0.853774725906488,2.165532425506618,1
-0.8375909067208234,-0.853774725906488,-0.461780201589941,1
2.3241893782899976,0.6875184791663929,-0.461780201589941,0
-0.8375909067208234,-0.853774725906488,-0.461780201589941,1
-0.8375909067208234,0.6875184791663929,-0.461780201589941,1
0.7432992357845871,-0.853774725906488,-0.461780201589941,0
0.7432992357845871,-0.853774725906488,-0.461780201589941,0
-0.8375909067208234,-0.853774725906488,-0.461780201589941,1
0.7432992357845871,2.228811684239274,-0.461780201589941,0
-0.8375909067208234,-0.853774725906488,2.165532425506618,1
0.7432992357845871,0.6875184791663929,-0.461780201589941,0
0.7432992357845871,0.6875184791663929,-0.461780201589941,1
0.7432992357845871,-0.853774725906488,-0.461780201589941,0
0.7432992357845871,-0.853774725906488,-0.461780201589941,0
-0.8375909067208234,0.6875184791663929,2.165532425506618,1
-0.8375909067208234,2.228811684239274,-0.461780201589941,1
-0.8375909067208234,-0.853774725906488,-0.461780201589941,1
0.7432992357845871,0.6875184791663929,-0.461780201589941,0
-0.8375909067208234,0.6875184791663929,-0.461780201589941,0
-0.8375909067208234,-0.853774725906488,2.165532425506618,1
-0.8375909067208234,-0.853774725906488,-0.461780201589941,1
2.3241893782899976,-0.853774725906488,-0.461780201589941,0
0.7432992357845871,-0.853774725906488,-0.461780201589941,1
0.7432992357845871,0.6875184791663929,-0.461780201589941,0
-0.8375909067208234,-0.853774725906488,-0.461780201589941,1
-0.8375909067208234,-0.853774725906488,-0.461780201589941,1
0.7432992357845871,0.6875184791663929,-0.461780201589941,1
0.7432992357845871,-0.853774725906488,-0.461780201589941,1
0.7432992357845871,0.6875184791663929,-0.461780201589941,1
0.7432992357845871,-0.853774725906488,2.165532425506618,0
-0.8375909067208234,2.228811684239274,-0.461780201589941,0
-0.8375909067208234,0.6875184791663929,-0.461780201589941,0
-0.8375909067208234,-0.853774725906488,-0.461780201589941,1
0.7432992357845871,0.6875184791663929,-0.461780201589941,1
0.7432992357845871,-0.853774725906488,-0.461780201589941,0
0.7432992357845871,0.6875184791663929,-0.461780201589941,1
0.7432992357845871,-0.853774725906488,2.165532425506618,1
0.7432992357845871,-0.853774725906488,2.165532425506618,1
0.7432992357845871,0.6875184791663929,-0.461780201589941,0
0.7432992357845871,-0.853774725906488,-0.461780201589941,0
0.7432992357845871,-0.853774725906488,-0.461780201589941,1
0.7432992357845871,0.6875184791663929,-0.461780201589941,1
-0.8375909067208234,-0.853774725906488,-0.461780201589941,1
-0.8375909067208234,0.6875184791663929,-0.461780201589941,0
-0.8375909067208234,-0.853774725906488,-0.461780201589941,1
-0.8375909067208234,0.6875184791663929,-0.461780201589941,0
-0.8375909067208234,-0.853774725906488,-0.461780201589941,1
-0.8375909067208234,-0.853774725906488,-0.461780201589941,1
0.7432992357845871,-0.853774725906488,-0.461780201589941,1
-0.8375909067208234,-0.853774725906488,-0.461780201589941,1
0.7432992357845871,-0.853774725906488,-0.461780201589941,1
-0.8375909067208234,-0.853774725906488,-0.461780201589941,1
2.3241893782899976,2.228811684239274,-0.461780201589941,0
-0.8375909067208234,-0.853774725906488,-0.461780201589941,1
-0.8375909067208234,-0.853774725906488,-0.461780201589941,1
-0.8375909067208234,-0.853774725906488,2.165532425506618,1
2.3241893782899976,0.6875184791663929,-0.461780201589941,0
-0.8375909067208234,-0.853774725906488,-0.461780201589941,1
-0.8375909067208234,0.6875184791663929,-0.461780201589941,1
-0.8375909067208234,0.6875184791663929,-0.461780201589941,1
-0.8375909067208234,-0.853774725906488,-0.461780201589941,1
-0.8375909067208234,-0.853774725906488,-0.461780201589941,1
0.7432992357845871,0.6875184791663929,-0.461780201589941,0
-0.8375909067208234,0.6875184791663929,2.165532425506618,1
-0.8375909067208234,0.6875184791663929,-0.461780201589941,1
2.3241893782899976,2.228811684239274,-0.461780201589941,0
-0.8375909067208234,-0.853774725906488,-0.461780201589941,0
-0.8375909067208234,-0.853774725906488,-0.461780201589941,1
-0.8375909067208234,-0.853774725906488,2.165532425506618,1
0.7432992357845871,0.6875184791663929,-0.461780201589941,1
-0.8375909067208234,-0.853774725906488,-0.461780201589941,1
0.7432992357845871,-0.853774725906488,-0.461780201589941,1
2.3241893782899976,-0.853774725906488,-0.461780201589941,1
-0.8375909067208234,-0.853774725906488,2.165532425506618,1
-0.8375909067208234,-0.853774725906488,-0.461780201589941,0
-0.8375909067208234,-0.853774725906488,-0.461780201589941,1
-0.8375909067208234,0.6875184791663929,-0.461780201589941,0
0.7432992357845871,2.228811684239274,-0.461780201589941,0
-0.8375909067208234,0.6875184791663929,-0.461780201589941,1
-0.8375909067208234,0.6875184791663929,2.165532425506618,1
-0.8375909067208234,-0.853774725906488,-0.461780201589941,1
0.7432992357845871,2.228811684239274,-0.461780201589941,0
0.7432992357845871,-0.853774725906488,2.165532425506618,1
-0.8375909067208234,0.6875184791663929,2.165532425506618,1
0.7432992357845871,2.228811684239274,-0.461780201589941,0
-0.8375909067208234,-0.853774725906488,-0.461780201589941,1
0.7432992357845871,0.6875184791663929,-0.461780201589941,1
-0.8375909067208234,0.6875184791663929,-0.461780201589941,1
-0.8375909067208234,0.6875184791663929,-0.461780201589941,1
0.7432992357845871,-0.853774725906488,-0.461780201589941,1
-0.8375909067208234,-0.853774725906488,-0.461780201589941,1
2.3241893782899976,-0.853774725906488,-0.461780201589941,0
-0.8375909067208234,0.6875184791663929,-0.461780201589941,1
2.3241893782899976,-0.853774725906488,-0.461780201589941,1
-0.8375909067208234,-0.853774725906488,-0.461780201589941,1
-0.8375909067208234,-0.853774725906488,-0.461780201589941,1
-0.8375909067208234,-0.853774725906488,-0.461780201589941,0
2.3241893782899976,2.228811684239274,-0.461780201589941,0
-0.8375909067208234,0.6875184791663929,-0.461780201589941,1
-0.8375909067208234,-0.853774725906488,-0.461780201589941,1
-0.8375909067208234,0.6875184791663929,-0.461780201589941,0
0.7432992357845871,-0.853774725906488,2.165532425506618,1
-0.8375909067208234,0.6875184791663929,-0.461780201589941,0
-0.8375909067208234,-0.853774725906488,-0.461780201589941,1
0.7432992357845871,2.228811684239274,-0.461780201589941,0
-0.8375909067208234,0.6875184791663929,-0.461780201589941,0
0.7432992357845871,0.6875184791663929,-0.461780201589941,0
-0.8375909067208234,-0.853774725906488,-0.461780201589941,1
-0.8375909067208234,-0.853774725906488,-0.461780201589941,1
-0.8375909067208234,-0.853774725906488,-0.461780201589941,0
-0.8375909067208234,-0.853774725906488,2.165532425506618,1
0.7432992357845871,2.228811684239274,-0.461780201589941,0
-0.8375909067208234,-0.853774725906488,-0.461780201589941,1
0.7432992357845871,0.6875184791663929,-0.461780201589941,1
-0.8375909067208234,-0.853774725906488,-0.461780201589941,1
-0.8375909067208234,-0.853774725906488,2.165532425506618,1
2.3241893782899976,0.6875184791663929,-0.461780201589941,0
-0.8375909067208234,-0.853774725906488,-0.461780201589941,1
-0.8375909067208234,-0.853774725906488,2.165532425506618,1
0.7432992357845871,-0.853774725906488,2.165532425506618,1
0.7432992357845871,0.6875184791663929,-0.461780201589941,0
0.7432992357845871,-0.853774725906488,-0.461780201589941,1
-0.8375909067208234,-0.853774725906488,-0.461780201589941,1
0.7432992357845871,0.6875184791663929,-0.461780201589941,1
0.7432992357845871,-0.853774725906488,-0.461780201589941,1
0.7432992357845871,0.6875184791663929,-0.461780201589941,1
0.7432992357845871,0.6875184791663929,-0.461780201589941,0
0.7432992357845871,0.6875184791663929,-0.461780201589941,0
-0.8375909067208234,-0.853774725906488,-0.461780201589941,1
-0.8375909067208234,-0.853774725906488,-0.461780201589941,1
2.3241893782899976,0.6875184791663929,-0.461780201589941,0
2.3241893782899976,2.228811684239274,-0.461780201589941,0
0.7432992357845871,0.6875184791663929,-0.461780201589941,0
-0.8375909067208234,0.6875184791663929,-0.461780201589941,0
-0.8375909067208234,0.6875184791663929,-0.461780201589941,1
-0.8375909067208234,-0.853774725906488,-0.461780201589941,0
0.7432992357845871,0.6875184791663929,-0.461780201589941,0
-0.8375909067208234,0.6875184791663929,2.165532425506618,1
-0.8375909067208234,0.6875184791663929,-0.461780201589941,1
-0.8375909067208234,-0.853774725906488,-0.461780201589941,1
-0.8375909067208234,0.6875184791663929,-0.461780201589941,1
-0.8375909067208234,-0.853774725906488,-0.461780201589941,1
0.7432992357845871,-0.853774725906488,-0.461780201589941,0
0.7432992357845871,-0.853774725906488,-0.461780201589941,1
0.7432992357845871,-0.853774725906488,-0.461780201589941,0
-0.8375909067208234,-0.853774725906488,2.165532425506618,1
-0.8375909067208234,-0.853774725906488,2.165532425506618,1
0.7432992357845871,-0.853774725906488,2.165532425506618,1
0.7432992357845871,-0.853774725906488,-0.461780201589941,1
0.7432992357845871,-0.853774725906488,-0.461780201589941,1
0.7432992357845871,0.6875184791663929,-0.461780201589941,0
-0.8375909067208234,-0.853774725906488,-0.461780201589941,1
-0.8375909067208234,-0.853774725906488,-0.461780201589941,1
0.7432992357845871,-0.853774725906488,-0.461780201589941,0
-0.8375909067208234,-0.853774725906488,-0.461780201589941,1
-0.8375909067208234,-0.853774725906488,-0.461780201589941,1
0.7432992357845871,2.228811684239274,-0.461780201589941,0
-0.8375909067208234,-0.853774725906488,-0.461780201589941,1
-0.8375909067208234,2.228811684239274,-0.461780201589941,0
0.7432992357845871,0.6875184791663929,-0.461780201589941,1
-0.8375909067208234,0.6875184791663929,-0.461780201589941,1
-0.8375909067208234,0.6875184791663929,-0.461780201589941,0
-0.8375909067208234,-0.853774725906488,2.165532425506618,1
2.3241893782899976,2.228811684239274,2.165532425506618,0
0.7432992357845871,0.6875184791663929,-0.461780201589941,1
2.3241893782899976,-0.853774725906488,-0.461780201589941,1
2.3241893782899976,-0.853774725906488,-0.461780201589941,0
-0.8375909067208234,-0.853774725906488,2.165532425506618,1
0.7432992357845871,-0.853774725906488,-0.461780201589941,0
-0.8375909067208234,0.6875184791663929,-0.461780201589941,0
-0.8375909067208234,0.6875184791663929,2.165532425506618,1
-0.8375909067208234,-0.853774725906488,-0.461780201589941,1
0.7432992357845871,0.6875184791663929,2.165532425506618,1
-0.8375909067208234,-0.853774725906488,-0.461780201589941,1
-0.8375909067208234,0.6875184791663929,-0.461780201589941,0
0.7432992357845871,2.228811684239274,-0.461780201589941,0
-0.8375909067208234,0.6875184791663929,-0.461780201589941,0
0.7432992357845871,2.228811684239274,-0.461780201589941,0
0.7432992357845871,0.6875184791663929,-0.461780201589941,1
-0.8375909067208234,-0.853774725906488,-0.461780201589941,1
-0.8375909067208234,0.6875184791663929,-0.461780201589941,1
0.7432992357845871,0.6875184791663929,-0.461780201589941,1
-0.8375909067208234,-0.853774725906488,-0.461780201589941,0
-0.8375909067208234,-0.853774725906488,2.165532425506618,1
-0.8375909067208234,-0.853774725906488,-0.461780201589941,0
0.7432992357845871,0.6875184791663929,-0.461780201589941,0
-0.8375909067208234,-0.853774725906488,2.165532425506618,0
-0.8375909067208234,-0.853774725906488,-0.461780201589941,1
-0.8375909067208234,0.6875184791663929,-0.461780201589941,1
-0.8375909067208234,-0.853774725906488,-0.461780201589941,1
-0.8375909067208234,-0.853774725906488,2.165532425506618,1
-0.8375909067208234,-0.853774725906488,-0.461780201589941,1
-0.8375909067208234,0.6875184791663929,-0.461780201589941,0
-0.8375909067208234,-0.853774725906488,-0.461780201589941,1
-0.8375909067208234,-0.853774725906488,-0.461780201589941,0
2.3241893782899976,0.6875184791663929,-0.461780201589941,0
0.7432992357845871,-0.853774725906488,2.165532425506618,0
-0.8375909067208234,-0.853774725906488,2.165532425506618,1
0.7432992357845871,-0.853774725906488,-0.461780201589941,0
0.7432992357845871,-0.853774725906488,-0.461780201589941,1
-0.8375909067208234,-0.853774725906488,-0.461780201589941,0
0.7432992357845871,0.6875184791663929,-0.461780201589941,0
-0.8375909067208234,-0.853774725906488,-0.461780201589941,1
-0.8375909067208234,-0.853774725906488,-0.461780201589941,0
-0.8375909067208234,-0.853774725906488,-0.461780201589941,1
-0.8375909067208234,-0.853774725906488,-0.461780201589941,1
-0.8375909067208234,-0.853774725906488,-0.461780201589941,1
-0.8375909067208234,-0.853774725906488,-0.461780201589941,1
0.7432992357845871,-0.853774725906488,2.165532425506618,1
-0.8375909067208234,0.6875184791663929,-0.461780201589941,0
0.7432992357845871,-0.853774725906488,-0.461780201589941,1
-0.8375909067208234,0.6875184791663929,2.165532425506618,1
2.3241893782899976,2.228811684239274,-0.461780201589941,0
0.7432992357845871,-0.853774725906488,-0.461780201589941,0
-0.8375909067208234,0.6875184791663929,-0.461780201589941,0
-0.8375909067208234,-0.853774725906488,-0.461780201589941,1
-0.8375909067208234,0.6875184791663929,-0.461780201589941,1
-0.8375909067208234,-0.853774725906488,-0.461780201589941,1
-0.8375909067208234,-0.853774725906488,-0.461780201589941,1
0.7432992357845871,-0.853774725906488,-0.461780201589941,1
0.7432992357845871,-0.853774725906488,-0.461780201589941,1
-0.8375909067208234,0.6875184791663929,-0.461780201589941,1
0.7432992357845871,0.6875184791663929,-0.461780201589941,1
0.7432992357845871,-0.853774725906488,-0.461780201589941,1
0.7432992357845871,0.6875184791663929,-0.461780201589941,0
-0.8375909067208234,-0.853774725906488,-0.461780201589941,1
0.7432992357845871,0.6875184791663929,-0.461780201589941,0
-0.8375909067208234,-0.853774725906488,-0.461780201589941,1
0.7432992357845871,-0.853774725906488,-0.461780201589941,0
0.7432992357845871,0.6875184791663929,-0.461780201589941,0
-0.8375909067208234,-0.853774725906488,2.165532425506618,1
0.7432992357845871,-0.853774725906488,-0.461780201589941,0
0.7432992357845871,-0.853774725906488,-0.461780201589941,1
-0.8375909067208234,-0.853774725906488,-0.461780201589941,1
0.7432992357845871,-0.853774725906488,2.165532425506618,1
0.7432992357845871,0.6875184791663929,-0.461780201589941,0
0.7432992357845871,0.6875184791663929,2.165532425506618,1
-0.8375909067208234,-0.853774725906488,-0.461780201589941,1
0.7432992357845871,0.6875184791663929,-0.461780201589941,1
0.7432992357845871,-0.853774725906488,-0.461780201589941,0
0.7432992357845871,-0.853774725906488,2.165532425506618,1
-0.8375909067208234,-0.853774725906488,2.165532425506618,1
0.7432992357845871,-0.853774725906488,2.165532425506618,1
2.3241893782899976,-0.853774725906488,-0.461780201589941,0
0.7432992357845871,0.6875184791663929,-0.461780201589941,1
-0.8375909067208234,-0.853774725906488,2.165532425506618,1
0.7432992357845871,0.6875184791663929,-0.461780201589941,0
0.7432992357845871,0.6875184791663929,-0.461780201589941,1
-0.8375909067208234,-0.853774725906488,2.165532425506618,1
-0.8375909067208234,-0.853774725906488,2.165532425506618,1
-0.8375909067208234,-0.853774725906488,-0.461780201589941,1
-0.8375909067208234,-0.853774725906488,-0.461780201589941,1
0.7432992357845871,-0.853774725906488,-0.461780201589941,1
-0.8375909067208234,2.228811684239274,-0.461780201589941,1
0.7432992357845871,2.228811684239274,-0.461780201589941,0
0.7432992357845871,0.6875184791663929,-0.461780201589941,0
0.7432992357845871,0.6875184791663929,-0.461780201589941,0
0.7432992357845871,-0.853774725906488,-0.461780201589941,0
-0.8375909067208234,0.6875184791663929,-0.461780201589941,1
2.3241893782899976,2.228811684239274,-0.461780201589941,0
0.7432992357845871,0.6875184791663929,-0.461780201589941,1
2.3241893782899976,-0.853774725906488,-0.461780201589941,0
0.7432992357845871,0.6875184791663929,-0.461780201589941,1
-0.8375909067208234,0.6875184791663929,-0.461780201589941,0
0.7432992357845871,-0.853774725906488,-0.461780201589941,0
0.7432992357845871,0.6875184791663929,-0.461780201589941,0
2.3241893782899976,0.6875184791663929,-0.461780201589941,0
-0.8375909067208234,-0.853774725906488,-0.461780201589941,1
0.7432992357845871,-0.853774725906488,2.165532425506618,1
-0.8375909067208234,-0.853774725906488,-0.461780201589941,1
-0.8375909067208234,-0.853774725906488,-0.461780201589941,1
0.7432992357845871,0.6875184791663929,-0.461780201589941,0
0.7432992357845871,2.228811684239274,-0.461780201589941,0
-0.8375909067208234,-0.853774725906488,-0.461780201589941,1
0.7432992357845871,0.6875184791663929,-0.461780201589941,1
2.3241893782899976,2.228811684239274,-0.461780201589941,0
0.7432992357845871,-0.853774725906488,-0.461780201589941,1
-0.8375909067208234,-0.853774725906488,2.165532425506618,1
2.3241893782899976,-0.853774725906488,-0.461780201589941,0
2.3241893782899976,2.228811684239274,-0.461780201589941,0
-0.8375909067208234,-0.853774725906488,-0.461780201589941,1
0.7432992357845871,-0.853774725906488,-0.461780201589941,0
-0.8375909067208234,-0.853774725906488,-0.461780201589941,1
0.7432992357845871,0.6875184791663929,-0.461780201589941,1
0.7432992357845871,0.6875184791663929,-0.461780201589941,1
0.7432992357845871,0.6875184791663929,-0.461780201589941,1
0.7432992357845871,0.6875184791663929,-0.461780201589941,0
-0.8375909067208234,-0.853774725906488,2.165532425506618,1
0.7432992357845871,-0.853774725906488,-0.461780201589941,0
-0.8375909067208234,0.6875184791663929,-0.461780201589941,1
-0.8375909067208234,0.6875184791663929,-0.461780201589941,1
2.3241893782899976,2.228811684239274,-0.461780201589941,0
-0.8375909067208234,-0.853774725906488,-0.461780201589941,1
0.7432992357845871,-0.853774725906488,-0.461780201589941,1
0.7432992357845871,-0.853774725906488,-0.461780201589941,0
-0.8375909067208234,-0.853774725906488,2.165532425506618,1
-0.8375909067208234,-0.853774725906488,-0.461780201589941,1
0.7432992357845871,0.6875184791663929,-0.461780201589941,0
0.7432992357845871,0.6875184791663929,-0.461780201589941,1
0.7432992357845871,0.6875184791663929,-0.461780201589941,0
0.7432992357845871,-0.853774725906488,-0.461780201589941,1
0.7432992357845871,-0.853774725906488,-0.461780201589941,1
0.7432992357845871,0.6875184791663929,-0.461780201589941,0
-0.8375909067208234,0.6875184791663929,-0.461780201589941,1
-0.8375909067208234,-0.853774725906488,2.165532425506618,1
-0.8375909067208234,-0.853774725906488,-0.461780201589941,1
-0.8375909067208234,-0.853774725906488,-0.461780201589941,1
0.7432992357845871,0.6875184791663929,-0.461780201589941,0
-0.8375909067208234,0.6875184791663929,-0.461780201589941,1
-0.8375909067208234,-0.853774725906488,2.165532425506618,1
0.7432992357845871,-0.853774725906488,-0.461780201589941,1
0.7432992357845871,0.6875184791663929,-0.461780201589941,0
0.7432992357845871,0.6875184791663929,2.165532425506618,1
-0.8375909067208234,0.6875184791663929,-0.461780201589941,0
-0.8375909067208234,0.6875184791663929,-0.461780201589941,1
-0.8375909067208234,-0.853774725906488,-0.461780201589941,1
-0.8375909067208234,0.6875184791663929,2.165532425506618,0
-0.8375909067208234,-0.853774725906488,2.165532425506618,1
-0.8375909067208234,0.6875184791663929,-0.461780201589941,0
-0.8375909067208234,-0.853774725906488,-0.461780201589941,1
-0.8375909067208234,0.6875184791663929,-0.461780201589941,1
0.7432992357845871,0.6875184791663929,-0.461780201589941,0
-0.8375909067208234,-0.853774725906488,2.165532425506618,1
-0.8375909067208234,0.6875184791663929,-0.461780201589941,1
0.7432992357845871,0.6875184791663929,-0.461780201589941,1
0.7432992357845871,-0.853774725906488,2.165532425506618,1
-0.8375909067208234,0.6875184791663929,-0.461780201589941,1
0.7432992357845871,-0.853774725906488,-0.461780201589941,0
0.7432992357845871,2.228811684239274,-0.461780201589941,1
0.7432992357845871,0.6875184791663929,-0.461780201589941,1
2.3241893782899976,0.6875184791663929,-0.461780201589941,0
2.3241893782899976,0.6875184791663929,-0.461780201589941,0
-0.8375909067208234,0.6875184791663929,-0.461780201589941,1
0.7432992357845871,-0.853774725906488,-0.461780201589941,0
0.7432992357845871,-0.853774725906488,-0.461780201589941,1
0.7432992357845871,0.6875184791663929,-0.461780201589941,0
0.7432992357845871,-0.853774725906488,2.165532425506618,1
-0.8375909067208234,0.6875184791663929,-0.461780201589941,1
0.7432992357845871,-0.853774725906488,-0.461780201589941,0
-0.8375909067208234,-0.853774725906488,-0.461780201589941,1
-0.8375909067208234,-0.853774725906488,-0.461780201589941,1
-0.8375909067208234,-0.853774725906488,-0.461780201589941,1
0.7432992357845871,-0.853774725906488,-0.461780201589941,1
-0.8375909067208234,2.228811684239274,-0.461780201589941,0
-0.8375909067208234,0.6875184791663929,-0.461780201589941,0
0.7432992357845871,-0.853774725906488,-0.461780201589941,0
-0.8375909067208234,-0.853774725906488,-0.461780201589941,0
-0.8375909067208234,0.6875184791663929,-0.461780201589941,0
-0.8375909067208234,-0.853774725906488,-0.461780201589941,1
-0.8375909067208234,-0.853774725906488,-0.461780201589941,0
-0.8375909067208234,-0.853774725906488,2.165532425506618,1
0.7432992357845871,0.6875184791663929,-0.461780201589941,0
-0.8375909067208234,-0.853774725906488,-0.461780201589941,1
-0.8375909067208234,0.6875184791663929,-0.461780201589941,0
0.7432992357845871,0.6875184791663929,2.165532425506618,0
0.7432992357845871,0.6875184791663929,-0.461780201589941,1
0.7432992357845871,-0.853774725906488,2.165532425506618,1
-0.8375909067208234,-0.853774725906488,-0.461780201589941,1
0.7432992357845871,0.6875184791663929,-0.461780201589941,0
0.7432992357845871,-0.853774725906488,2.165532425506618,1
-0.8375909067208234,0.6875184791663929,-0.461780201589941,1
0.7432992357845871,-0.853774725906488,-0.461780201589941,1
0.7432992357845871,0.6875184791663929,-0.461780201589941,0
-0.8375909067208234,-0.853774725906488,-0.461780201589941,1
-0.8375909067208234,0.6875184791663929,-0.461780201589941,1
0.7432992357845871,0.6875184791663929,-0.461780201589941,0
0.7432992357845871,2.228811684239274,-0.461780201589941,0
-0.8375909067208234,-0.853774725906488,-0.461780201589941,0
-0.8375909067208234,-0.853774725906488,2.165532425506618,1
0.7432992357845871,0.6875184791663929,-0.461780201589941,0
0.7432992357845871,0.6875184791663929,2.165532425506618,1
0.7432992357845871,2.228811684239274,-0.461780201589941,0
-0.8375909067208234,0.6875184791663929,-0.461780201589941,0
0.7432992357845871,2.228811684239274,-0.461780201589941,0
0.7432992357845871,0.6875184791663929,-0.461780201589941,0
-0.8375909067208234,-0.853774725906488,-0.461780201589941,1
0.7432992357845871,0.6875184791663929,-0.461780201589941,1
0.7432992357845871,0.6875184791663929,2.165532425506618,0
0.7432992357845871,0.6875184791663929,-0.461780201589941,0
0.7432992357845871,0.6875184791663929,-0.461780201589941,1
-0.8375909067208234,-0.853774725906488,-0.461780201589941,1
-0.8375909067208234,-0.853774725906488,-0.461780201589941,1
-0.8375909067208234,-0.853774725906488,-0.461780201589941,1
-0.8375909067208234,0.6875184791663929,2.165532425506618,1
-0.8375909067208234,-0.853774725906488,2.165532425506618,1
0.7432992357845871,2.228811684239274,-0.461780201589941,0
0.7432992357845871,-0.853774725906488,-0.461780201589941,0
-0.8375909067208234,-0.853774725906488,-0.461780201589941,1
-0.8375909067208234,-0.853774725906488,-0.461780201589941,1
-0.8375909067208234,-0.853774725906488,-0.461780201589941,1
0.7432992357845871,-0.853774725906488,-0.461780201589941,1
-0.8375909067208234,0.6875184791663929,-0.461780201589941,0
-0.8375909067208234,-0.853774725906488,-0.461780201589941,0
-0.8375909067208234,-0.853774725906488,-0.461780201589941,0
0.7432992357845871,-0.853774725906488,-0.461780201589941,1
-0.8375909067208234,0.6875184791663929,-0.461780201589941,1
-0.8375909067208234,0.6875184791663929,-0.461780201589941,1
-0.8375909067208234,0.6875184791663929,-0.461780201589941,1
0.7432992357845871,0.6875184791663929,-0.461780201589941,1
0.7432992357845871,-0.853774725906488,2.165532425506618,1
-0.8375909067208234,-0.853774725906488,2.165532425506618,1
0.7432992357845871,-0.853774725906488,2.165532425506618,1
-0.8375909067208234,-0.853774725906488,2.165532425506618,1
-0.8375909067208234,-0.853774725906488,-0.461780201589941,1
0.7432992357845871,0.6875184791663929,-0.461780201589941,1
0.7432992357845871,-0.853774725906488,-0.461780201589941,0
0.7432992357845871,-0.853774725906488,-0.461780201589941,0
-0.8375909067208234,-0.853774725906488,-0.461780201589941,1
0.7432992357845871,2.228811684239274,-0.461780201589941,0
-0.8375909067208234,0.6875184791663929,-0.461780201589941,0
-0.8375909067208234,2.228811684239274,-0.461780201589941,0
-0.8375909067208234,-0.853774725906488,-0.461780201589941,0
0.7432992357845871,-0.853774725906488,-0.461780201589941,0
-0.8375909067208234,-0.853774725906488,-0.461780201589941,0
-0.8375909067208234,-0.853774725906488,2.165532425506618,1
0.7432992357845871,0.6875184791663929,-0.461780201589941,1
0.7432992357845871,-0.853774725906488,-0.461780201589941,1
-0.8375909067208234,0.6875184791663929,-0.461780201589941,1
-0.8375909067208234,-0.853774725906488,-0.461780201589941,1
0.7432992357845871,-0.853774725906488,-0.461780201589941,0
-0.8375909067208234,-0.853774725906488,-0.461780201589941,0
0.7432992357845871,2.228811684239274,-0.461780201589941,0
-0.8375909067208234,-0.853774725906488,-0.461780201589941,1
-0.8375909067208234,-0.853774725906488,-0.461780201589941,1
-0.8375909067208234,2.228811684239274,-0.461780201589941,1
0.7432992357845871,2.228811684239274,-0.461780201589941,0
-0.8375909067208234,-0.853774725906488,2.165532425506618,1
-0.8375909067208234,0.6875184791663929,-0.461780201589941,0
-0.8375909067208234,0.6875184791663929,-0.461780201589941,0
2.3241893782899976,0.6875184791663929,-0.461780201589941,0
2.3241893782899976,2.228811684239274,-0.461780201589941,0
-0.8375909067208234,0.6875184791663929,2.165532425506618,1
-0.8375909067208234,0.6875184791663929,-0.461780201589941,0
-0.8375909067208234,2.228811684239274,-0.461780201589941,0
-0.8375909067208234,0.6875184791663929,-0.461780201589941,1
0.7432992357845871,0.6875184791663929,-0.461780201589941,0
-0.8375909067208234,0.6875184791663929,-0.461780201589941,1
0.7432992357845871,2.228811684239274,-0.461780201589941,0
-0.8375909067208234,-0.853774725906488,2.165532425506618,1
-0.8375909067208234,-0.853774725906488,-0.461780201589941,1
0.7432992357845871,0.6875184791663929,-0.461780201589941,0
-0.8375909067208234,-0.853774725906488,-0.461780201589941,1
2.3241893782899976,-0.853774725906488,-0.461780201589941,0
2.3241893782899976,2.228811684239274,2.165532425506618,0
-0.8375909067208234,0.6875184791663929,-0.461780201589941,1
-0.8375909067208234,0.6875184791663929,-0.461780201589941,0
-0.8375909067208234,-0.853774725906488,2.165532425506618,1
2.3241893782899976,-0.853774725906488,-0.461780201589941,0
0.7432992357845871,-0.853774725906488,-0.461780201589941,0
-0.8375909067208234,0.6875184791663929,-0.461780201589941,1
-0.8375909067208234,0.6875184791663929,-0.461780201589941,0
0.7432992357845871,0.6875184791663929,-0.461780201589941,0
0.7432992357845871,0.6875184791663929,-0.461780201589941,0
2.3241893782899976,2.228811684239274,-0.461780201589941,0
-0.8375909067208234,0.6875184791663929,-0.461780201589941,1
0.7432992357845871,-0.853774725906488,2.165532425506618,1
2.3241893782899976,0.6875184791663929,-0.461780201589941,0
-0.8375909067208234,-0.853774725906488,-0.461780201589941,0
0.7432992357845871,0.6875184791663929,-0.461780201589941,1
-0.8375909067208234,-0.853774725906488,-0.461780201589941,1
0.7432992357845871,0.6875184791663929,2.165532425506618,0
-0.8375909067208234,-0.853774725906488,-0.461780201589941,1
0.7432992357845871,-0.853774725906488,-0.461780201589941,0
-0.8375909067208234,-0.853774725906488,-0.461780201589941,1
-0.8375909067208234,0.6875184791663929,-0.461780201589941,0
-0.8375909067208234,-0.853774725906488,-0.461780201589941,1
-0.8375909067208234,0.6875184791663929,2.165532425506618,1
0.7432992357845871,0.6875184791663929,-0.461780201589941,1
-0.8375909067208234,0.6875184791663929,-0.461780201589941,1
0.7432992357845871,-0.853774725906488,2.165532425506618,1
-0.8375909067208234,-0.853774725906488,-0.461780201589941,0
-0.8375909067208234,-0.853774725906488,2.165532425506618,1
0.7432992357845871,0.6875184791663929,-0.461780201589941,0
0.7432992357845871,-0.853774725906488,-0.461780201589941,1
2.3241893782899976,-0.853774725906488,-0.461780201589941,0
0.7432992357845871,-0.853774725906488,-0.461780201589941,0
-0.8375909067208234,-0.853774725906488,2.165532425506618,1
0.7432992357845871,-0.853774725906488,-0.461780201589941,0
-0.8375909067208234,2.228811684239274,-0.461780201589941,0
0.7432992357845871,-0.853774725906488,-0.461780201589941,1
-0.8375909067208234,-0.853774725906488,-0.461780201589941,1
-0.8375909067208234,0.6875184791663929,2.165532425506618,0
0.7432992357845871,-0.853774725906488,-0.461780201589941,0
-0.8375909067208234,-0.853774725906488,-0.461780201589941,1
-0.8375909067208234,-0.853774725906488,-0.461780201589941,0
-0.8375909067208234,-0.853774725906488,-0.461780201589941,1
0.7432992357845871,0.6875184791663929,-0.461780201589941,0
-0.8375909067208234,-0.853774725906488,2.165532425506618,1
-0.8375909067208234,0.6875184791663929,-0.461780201589941,1
0.7432992357845871,0.6875184791663929,-0.461780201589941,0
-0.8375909067208234,-0.853774725906488,2.165532425506618,1
0.7432992357845871,0.6875184791663929,2.165532425506618,1
2.3241893782899976,0.6875184791663929,-0.461780201589941,0
-0.8375909067208234,-0.853774725906488,2.165532425506618,1
-0.8375909067208234,-0.853774725906488,2.165532425506618,1
2.3241893782899976,2.228811684239274,-0.461780201589941,0
-0.8375909067208234,-0.853774725906488,2.165532425506618,1
-0.8375909067208234,-0.853774725906488,-0.461780201589941,1
0.7432992357845871,-0.853774725906488,-0.461780201589941,1
-0.8375909067208234,-0.853774725906488,-0.461780201589941,1
-0.8375909067208234,-0.853774725906488,-0.461780201589941,1
-0.8375909067208234,-0.853774725906488,-0.461780201589941,0
0.7432992357845871,0.6875184791663929,-0.461780201589941,0
-0.8375909067208234,0.6875184791663929,-0.461780201589941,1
-0.8375909067208234,0.6875184791663929,-0.461780201589941,1
0.7432992357845871,-0.853774725906488,2.165532425506618,0
-0.8375909067208234,-0.853774725906488,-0.461780201589941,1
-0.8375909067208234,-0.853774725906488,-0.461780201589941,1
-0.8375909067208234,0.6875184791663929,-0.461780201589941,1
2.3241893782899976,2.228811684239274,-0.461780201589941,0
-0.8375909067208234,-0.853774725906488,-0.461780201589941,1
2.3241893782899976,-0.853774725906488,-0.461780201589941,0
0.7432992357845871,-0.853774725906488,-0.461780201589941,1
0.7432992357845871,-0.853774725906488,2.165532425506618,1
-0.8375909067208234,0.6875184791663929,-0.461780201589941,1
-0.8375909067208234,-0.853774725906488,-0.461780201589941,1
-0.8375909067208234,-0.853774725906488,2.165532425506618,1
-0.8375909067208234,-0.853774725906488,-0.461780201589941,1
-0.8375909067208234,0.6875184791663929,-0.461780201589941,1
0.7432992357845871,0.6875184791663929,-0.461780201589941,1
-0.8375909067208234,-0.853774725906488,-0.461780201589941,1
-0.8375909067208234,0.6875184791663929,-0.461780201589941,1
0.7432992357845871,0.6875184791663929,-0.461780201589941,0
0.7432992357845871,0.6875184791663929,-0.461780201589941,0
0.7432992357845871,-0.853774725906488,-0.461780201589941,1
0.7432992357845871,0.6875184791663929,-0.461780201589941,1
-0.8375909067208234,-0.853774725906488,-0.461780201589941,1
-0.8375909067208234,0.6875184791663929,-0.461780201589941,1
0.7432992357845871,-0.853774725906488,-0.461780201589941,0
-0.8375909067208234,-0.853774725906488,-0.461780201589941,1
0.7432992357845871,-0.853774725906488,-0.461780201589941,0
-0.8375909067208234,0.6875184791663929,-0.461780201589941,1
0.7432992357845871,-0.853774725906488,-0.461780201589941,0
-0.8375909067208234,-0.853774725906488,2.165532425506618,1
0.7432992357845871,-0.853774725906488,-0.461780201589941,0
0.7432992357845871,2.228811684239274,-0.461780201589941,0
0.7432992357845871,0.6875184791663929,-0.461780201589941,0
0.7432992357845871,0.6875184791663929,-0.461780201589941,0
-0.8375909067208234,-0.853774725906488,-0.461780201589941,1
0.7432992357845871,-0.853774725906488,-0.461780201589941,1
0.7432992357845871,0.6875184791663929,-0.461780201589941,0
-0.8375909067208234,-0.853774725906488,2.165532425506618,1
0.7432992357845871,0.6875184791663929,-0.461780201589941,1
0.7432992357845871,0.6875184791663929,-0.461780201589941,0
-0.8375909067208234,0.6875184791663929,-0.461780201589941,1
0.7432992357845871,0.6875184791663929,-0.461780201589941,1
-0.8375909067208234,0.6875184791663929,-0.461780201589941,1
-0.8375909067208234,-0.853774725906488,-0.461780201589941,1
-0.8375909067208234,-0.853774725906488,-0.461780201589941,1
-0.8375909067208234,0.6875184791663929,-0.461780201589941,0
0.7432992357845871,-0.853774725906488,-0.461780201589941,1
2.3241893782899976,0.6875184791663929,-0.461780201589941,0
0.7432992357845871,0.6875184791663929,-0.461780201589941,0
-0.8375909067208234,-0.853774725906488,-0.461780201589941,1
0.7432992357845871,0.6875184791663929,-0.461780201589941,0
2.3241893782899976,-0.853774725906488,-0.461780201589941,0
0.7432992357845871,0.6875184791663929,-0.461780201589941,0
-0.8375909067208234,0.6875184791663929,-0.461780201589941,1
-0.8375909067208234,0.6875184791663929,-0.461780201589941,0
2.3241893782899976,-0.853774725906488,-0.461780201589941,1
-0.8375909067208234,-0.853774725906488,-0.461780201589941,1
0.7432992357845871,0.6875184791663929,-0.461780201589941,1
0.7432992357845871,-0.853774725906488,-0.461780201589941,1
0.7432992357845871,0.6875184791663929,-0.461780201589941,1
-0.8375909067208234,0.6875184791663929,2.165532425506618,1
0.7432992357845871,0.6875184791663929,-0.461780201589941,0
0.7432992357845871,0.6875184791663929,-0.461780201589941,0
-0.8375909067208234,-0.853774725906488,2.165532425506618,1
-0.8375909067208234,0.6875184791663929,-0.461780201589941,0
0.7432992357845871,-0.853774725906488,-0.461780201589941,0
0.7432992357845871,-0.853774725906488,-0.461780201589941,1
2.3241893782899976,0.6875184791663929,-0.461780201589941,0
0.7432992357845871,0.6875184791663929,-0.461780201589941,1
0.7432992357845871,0.6875184791663929,-0.461780201589941,1
0.7432992357845871,-0.853774725906488,-0.461780201589941,1
-0.8375909067208234,-0.853774725906488,-0.461780201589941,1
-0.8375909067208234,-0.853774725906488,-0.461780201589941,1
-0.8375909067208234,0.6875184791663929,-0.461780201589941,0
2.3241893782899976,0.6875184791663929,-0.461780201589941,0
-0.8375909067208234,-0.853774725906488,-0.461780201589941,1
-0.8375909067208234,2.228811684239274,-0.461780201589941,1
0.7432992357845871,0.6875184791663929,-0.461780201589941,0
-0.8375909067208234,-0.853774725906488,-0.461780201589941,1
-0.8375909067208234,-0.853774725906488,-0.461780201589941,1
-0.8375909067208234,-0.853774725906488,-0.461780201589941,1
2.3241893782899976,-0.853774725906488,-0.461780201589941,0
2.3241893782899976,2.228811684239274,-0.461780201589941,0
0.7432992357845871,-0.853774725906488,-0.461780201589941,0
-0.8375909067208234,0.6875184791663929,-0.461780201589941,1
2.3241893782899976,0.6875184791663929,-0.461780201589941,0
-0.8375909067208234,-0.853774725906488,-0.461780201589941,1
-0.8375909067208234,-0.853774725906488,2.165532425506618,0
-0.8375909067208234,-0.853774725906488,-0.461780201589941,1
-0.8375909067208234,0.6875184791663929,-0.461780201589941,0
-0.8375909067208234,-0.853774725906488,2.165532425506618,1
0.7432992357845871,-0.853774725906488,-0.461780201589941,0
0.7432992357845871,-0.853774725906488,2.165532425506618,1
0.7432992357845871,0.6875184791663929,-0.461780201589941,1
-0.8375909067208234,-0.853774725906488,2.165532425506618,1
0.7432992357845871,-0.853774725906488,-0.461780201589941,1
-0.8375909067208234,-0.853774725906488,-0.461780201589941,0
0.7432992357845871,0.6875184791663929,-0.461780201589941,1
0.7432992357845871,0.6875184791663929,-0.461780201589941,1
-0.8375909067208234,-0.853774725906488,-0.461780201589941,1
-0.8375909067208234,-0.853774725906488,-0.461780201589941,1
2.3241893782899976,2.228811684239274,-0.461780201589941,0
2.3241893782899976,2.228811684239274,-0.461780201589941,0
-0.8375909067208234,-0.853774725906488,2.165532425506618,1
0.7432992357845871,2.228811684239274,-0.461780201589941,1
-0.8375909067208234,0.6875184791663929,2.165532425506618,1
-0.8375909067208234,0.6875184791663929,-0.461780201589941,1
-0.8375909067208234,-0.853774725906488,-0.461780201589941,1
-0.8375909067208234,0.6875184791663929,-0.461780201589941,1
2.3241893782899976,2.228811684239274,2.165532425506618,0
-0.8375909067208234,-0.853774725906488,2.165532425506618,1
0.7432992357845871,0.6875184791663929,2.165532425506618,0
-0.8375909067208234,0.6875184791663929,-0.461780201589941,1
-0.8375909067208234,0.6875184791663929,2.165532425506618,0
2.3241893782899976,2.228811684239274,-0.461780201589941,0
0.7432992357845871,-0.853774725906488,-0.461780201589941,1
-0.8375909067208234,0.6875184791663929,-0.461780201589941,1
-0.8375909067208234,0.6875184791663929,-0.461780201589941,1
-0.8375909067208234,-0.853774725906488,2.165532425506618,1
-0.8375909067208234,2.228811684239274,-0.461780201589941,0
-0.8375909067208234,2.228811684239274,-0.461780201589941,0
-0.8375909067208234,-0.853774725906488,-0.461780201589941,1
0.7432992357845871,-0.853774725906488,-0.461780201589941,1
-0.8375909067208234,-0.853774725906488,-0.461780201589941,1
0.7432992357845871,-0.853774725906488,2.165532425506618,1
0.7432992357845871,-0.853774725906488,-0.461780201589941,1
-0.8375909067208234,-0.853774725906488,-0.461780201589941,1
-0.8375909067208234,-0.853774725906488,-0.461780201589941,1
0.7432992357845871,0.6875184791663929,-0.461780201589941,0
-0.8375909067208234,2.228811684239274,-0.461780201589941,0
-0.8375909067208234,-0.853774725906488,-0.461780201589941,0
0.7432992357845871,-0.853774725906488,-0.461780201589941,1
0.7432992357845871,0.6875184791663929,-0.461780201589941,0
0.7432992357845871,-0.853774725906488,-0.461780201589941,0
0.7432992357845871,-0.853774725906488,-0.461780201589941,1
-0.8375909067208234,-0.853774725906488,-0.461780201589941,1
-0.8375909067208234,-0.853774725906488,2.165532425506618,1
-0.8375909067208234,-0.853774725906488,-0.461780201589941,1
-0.8375909067208234,0.6875184791663929,-0.461780201589941,0
2.3241893782899976,-0.853774725906488,-0.461780201589941,0
-0.8375909067208234,0.6875184791663929,-0.461780201589941,1
-0.8375909067208234,-0.853774725906488,2.165532425506618,1
-0.8375909067208234,-0.853774725906488,-0.461780201589941,1
-0.8375909067208234,-0.853774725906488,-0.461780201589941,1
-0.8375909067208234,-0.853774725906488,2.165532425506618,1
-0.8375909067208234,-0.853774725906488,-0.461780201589941,1
0.7432992357845871,0.6875184791663929,-0.461780201589941,1
0.7432992357845871,-0.853774725906488,-0.461780201589941,0
-0.8375909067208234,-0.853774725906488,-0.461780201589941,1
-0.8375909067208234,-0.853774725906488,-0.461780201589941,0
-0.8375909067208234,2.228811684239274,-0.461780201589941,0
-0.8375909067208234,-0.853774725906488,-0.461780201589941,1
-0.8375909067208234,-0.853774725906488,-0.461780201589941,0
0.7432992357845871,0.6875184791663929,-0.461780201589941,1
-0.8375909067208234,-0.853774725906488,-0.461780201589941,1
0.7432992357845871,0.6875184791663929,-0.461780201589941,1
2.3241893782899976,-0.853774725906488,-0.461780201589941,0
0.7432992357845871,-0.853774725906488,-0.461780201589941,1
-0.8375909067208234,-0.853774725906488,2.165532425506618,1
2.3241893782899976,0.6875184791663929,-0.461780201589941,1
0.7432992357845871,0.6875184791663929,-0.461780201589941,0
0.7432992357845871,0.6875184791663929,-0.461780201589941,0
-0.8375909067208234,0.6875184791663929,-0.461780201589941,1
-0.8375909067208234,-0.853774725906488,-0.461780201589941,1
-0.8375909067208234,-0.853774725906488,2.165532425506618,1
-0.8375909067208234,2.228811684239274,-0.461780201589941,0
0.7432992357845871,2.228811684239274,-0.461780201589941,1
0.7432992357845871,-0.853774725906488,-0.461780201589941,1
-0.8375909067208234,0.6875184791663929,-0.461780201589941,1
-0.8375909067208234,-0.853774725906488,-0.461780201589941,0
-0.8375909067208234,0.6875184791663929,-0.461780201589941,1
-0.8375909067208234,-0.853774725906488,-0.461780201589941,1
-0.8375909067208234,-0.853774725906488,2.165532425506618,1
0.7432992357845871,-0.853774725906488,-0.461780201589941,1
0.7432992357845871,0.6875184791663929,-0.461780201589941,1
-0.8375909067208234,-0.853774725906488,-0.461780201589941,1
2.3241893782899976,0.6875184791663929,-0.461780201589941,0
0.7432992357845871,0.6875184791663929,-0.461780201589941,0
0.7432992357845871,-0.853774725906488,-0.461780201589941,0
-0.8375909067208234,-0.853774725906488,-0.461780201589941,1
-0.8375909067208234,-0.853774725906488,-0.461780201589941,1
-0.8375909067208234,-0.853774725906488,-0.461780201589941,1
-0.8375909067208234,-0.853774725906488,2.165532425506618,1
0.7432992357845871,0.6875184791663929,-0.461780201589941,0
-0.8375909067208234,0.6875184791663929,-0.461780201589941,0
0.7432992357845871,-0.853774725906488,-0.461780201589941,1
-0.8375909067208234,0.6875184791663929,2.165532425506618,1
0.7432992357845871,-0.853774725906488,2.165532425506618,1
0.7432992357845871,-0.853774725906488,2.165532425506618,1
0.7432992357845871,-0.853774725906488,2.165532425506618,1
0.7432992357845871,0.6875184791663929,-0.461780201589941,0
0.7432992357845871,0.6875184791663929,-0.461780201589941,0
0.7432992357845871,2.228811684239274,-0.461780201589941,1
-0.8375909067208234,-0.853774725906488,-0.461780201589941,1
-0.8375909067208234,-0.853774725906488,-0.461780201589941,1
-0.8375909067208234,0.6875184791663929,-0.461780201589941,1
-0.8375909067208234,-0.853774725906488,-0.461780201589941,1
0.7432992357845871,2.228811684239274,-0.461780201589941,0
-0.8375909067208234,-0.853774725906488,-0.461780201589941,1
0.7432992357845871,-0.853774725906488,-0.461780201589941,1
-0.8375909067208234,2.228811684239274,-0.461780201589941,0
0.7432992357845871,-0.853774725906488,-0.461780201589941,1
-0.8375909067208234,-0.853774725906488,-0.461780201589941,1
-0.8375909067208234,-0.853774725906488,-0.461780201589941,1
-0.8375909067208234,0.6875184791663929,-0.461780201589941,1
2.3241893782899976,-0.853774725906488,-0.461780201589941,1
-0.8375909067208234,-0.853774725906488,2.165532425506618,1
-0.8375909067208234,-0.853774725906488,2.165532425506618,1
0.7432992357845871,2.228811684239274,-0.461780201589941,0
-0.8375909067208234,-0.853774725906488,2.165532425506618,1
-0.8375909067208234,0.6875184791663929,-0.461780201589941,0
-0.8375909067208234,-0.853774725906488,2.165532425506618,1
0.7432992357845871,-0.853774725906488,-0.461780201589941,1
0.7432992357845871,-0.853774725906488,-0.461780201589941,1
-0.8375909067208234,2.228811684239274,-0.461780201589941,0
-0.8375909067208234,-0.853774725906488,2.165532425506618,1
0.7432992357845871,-0.853774725906488,2.165532425506618,1
-0.8375909067208234,0.6875184791663929,-0.461780201589941,0
2.3241893782899976,2.228811684239274,-0.461780201589941,1
0.7432992357845871,0.6875184791663929,-0.461780201589941,0
-0.8375909067208234,-0.853774725906488,2.165532425506618,1
0.7432992357845871,0.6875184791663929,-0.461780201589941,1
-0.8375909067208234,0.6875184791663929,-0.461780201589941,0
-0.8375909067208234,-0.853774725906488,2.165532425506618,1
-0.8375909067208234,0.6875184791663929,-0.461780201589941,0
-0.8375909067208234,-0.853774725906488,2.165532425506618,1
2.3241893782899976,-0.853774725906488,-0.461780201589941,1
-0.8375909067208234,-0.853774725906488,-0.461780201589941,1
-0.8375909067208234,-0.853774725906488,-0.461780201589941,0
0.7432992357845871,2.228811684239274,-0.461780201589941,0
2.3241893782899976,0.6875184791663929,-0.461780201589941,0
-0.8375909067208234,0.6875184791663929,-0.461780201589941,1
-0.8375909067208234,0.6875184791663929,-0.461780201589941,0
0.7432992357845871,0.6875184791663929,-0.461780201589941,1
-0.8375909067208234,-0.853774725906488,-0.461780201589941,1
2.3241893782899976,0.6875184791663929,-0.461780201589941,0
-0.8375909067208234,-0.853774725906488,2.165532425506618,1
-0.8375909067208234,0.6875184791663929,-0.461780201589941,1
-0.8375909067208234,2.228811684239274,-0.461780201589941,1
2.3241893782899976,-0.853774725906488,-0.461780201589941,0
-0.8375909067208234,0.6875184791663929,-0.461780201589941,1
-0.8375909067208234,-0.853774725906488,-0.461780201589941,1
-0.8375909067208234,-0.853774725906488,-0.461780201589941,1
0.7432992357845871,0.6875184791663929,-0.461780201589941,1
2.3241893782899976,0.6875184791663929,-0.461780201589941,0
-0.8375909067208234,0.6875184791663929,-0.461780201589941,0
0.7432992357845871,-0.853774725906488,-0.461780201589941,0
0.7432992357845871,0.6875184791663929,-0.461780201589941,1
0.7432992357845871,-0.853774725906488,-0.461780201589941,1
-0.8375909067208234,0.6875184791663929,2.165532425506618,1
2.3241893782899976,-0.853774725906488,2.165532425506618,1
-0.8375909067208234,-0.853774725906488,-0.461780201589941,1
0.7432992357845871,-0.853774725906488,-0.461780201589941,1
-0.8375909067208234,-0.853774725906488,-0.461780201589941,1
0.7432992357845871,0.6875184791663929,-0.461780201589941,1
-0.8375909067208234,0.6875184791663929,-0.461780201589941,0
0.7432992357845871,-0.853774725906488,-0.461780201589941,0
2.3241893782899976,2.228811684239274,-0.461780201589941,0
-0.8375909067208234,-0.853774725906488,-0.461780201589941,1
0.7432992357845871,2.228811684239274,-0.461780201589941,0
-0.8375909067208234,-0.853774725906488,-0.461780201589941,1
-0.8375909067208234,2.228811684239274,-0.461780201589941,1
-0.8375909067208234,-0.853774725906488,-0.461780201589941,1
0.7432992357845871,2.228811684239274,-0.461780201589941,0
-0.8375909067208234,-0.853774725906488,-0.461780201589941,1
-0.8375909067208234,-0.853774725906488,-0.461780201589941,1
0.7432992357845871,-0.853774725906488,-0.461780201589941,1
2.3241893782899976,2.228811684239274,-0.461780201589941,0
-0.8375909067208234,-0.853774725906488,-0.461780201589941,0
-0.8375909067208234,0.6875184791663929,-0.461780201589941,1
0.7432992357845871,0.6875184791663929,-0.461780201589941,0
-0.8375909067208234,2.228811684239274,-0.461780201589941,0
2.3241893782899976,-0.853774725906488,-0.461780201589941,0
-0.8375909067208234,-0.853774725906488,-0.461780201589941,1
0.7432992357845871,-0.853774725906488,-0.461780201589941,1
0.7432992357845871,0.6875184791663929,-0.461780201589941,0
-0.8375909067208234,0.6875184791663929,2.165532425506618,1
-0.8375909067208234,2.228811684239274,-0.461780201589941,1
0.7432992357845871,0.6875184791663929,-0.461780201589941,1
0.7432992357845871,-0.853774725906488,-0.461780201589941,1
-0.8375909067208234,0.6875184791663929,-0.461780201589941,1
-0.8375909067208234,-0.853774725906488,2.165532425506618,1
2.3241893782899976,2.228811684239274,2.165532425506618,0
-0.8375909067208234,0.6875184791663929,-0.461780201589941,1
-0.8375909067208234,0.6875184791663929,-0.461780201589941,1
-0.8375909067208234,-0.853774725906488,-0.461780201589941,1
-0.8375909067208234,-0.853774725906488,2.165532425506618,1
-0.8375909067208234,2.228811684239274,-0.461780201589941,0
0.7432992357845871,-0.853774725906488,-0.461780201589941,0
0.7432992357845871,-0.853774725906488,-0.461780201589941,1
-0.8375909067208234,-0.853774725906488,-0.461780201589941,1
-0.8375909067208234,-0.853774725906488,-0.461780201589941,1
-0.8375909067208234,-0.853774725906488,-0.461780201589941,1
-0.8375909067208234,0.6875184791663929,-0.461780201589941,0
0.7432992357845871,-0.853774725906488,-0.461780201589941,0
-0.8375909067208234,-0.853774725906488,2.165532425506618,1
0.7432992357845871,0.6875184791663929,-0.461780201589941,0
2.3241893782899976,2.228811684239274,-0.461780201589941,0
2.3241893782899976,2.228811684239274,-0.461780201589941,0
-0.8375909067208234,0.6875184791663929,-0.461780201589941,0
-0.8375909067208234,-0.853774725906488,-0.461780201589941,1
0.7432992357845871,-0.853774725906488,-0.461780201589941,0
0.7432992357845871,2.228811684239274,-0.461780201589941,0
0.7432992357845871,0.6875184791663929,2.165532425506618,1
-0.8375909067208234,-0.853774725906488,-0.461780201589941,1
-0.8375909067208234,-0.853774725906488,-0.461780201589941,1
-0.8375909067208234,-0.853774725906488,-0.461780201589941,1
-0.8375909067208234,-0.853774725906488,-0.461780201589941,0
0.7432992357845871,-0.853774725906488,-0.461780201589941,1
0.7432992357845871,2.228811684239274,-0.461780201589941,0
-0.8375909067208234,-0.853774725906488,-0.461780201589941,1
0.7432992357845871,-0.853774725906488,-0.461780201589941,1
-0.8375909067208234,-0.853774725906488,-0.461780201589941,1
-0.8375909067208234,0.6875184791663929,-0.461780201589941,1
-0.8375909067208234,0.6875184791663929,-0.461780201589941,1
-0.8375909067208234,-0.853774725906488,-0.461780201589941,1
-0.8375909067208234,0.6875184791663929,-0.461780201589941,1
0.7432992357845871,-0.853774725906488,2.165532425506618,1
0.7432992357845871,-0.853774725906488,-0.461780201589941,0
0.7432992357845871,-0.853774725906488,-0.461780201589941,0
0.7432992357845871,0.6875184791663929,-0.461780201589941,1
-0.8375909067208234,-0.853774725906488,-0.461780201589941,1
-0.8375909067208234,0.6875184791663929,-0.461780201589941,1
-0.8375909067208234,0.6875184791663929,-0.461780201589941,1
-0.8375909067208234,-0.853774725906488,2.165532425506618,1
2.3241893782899976,-0.853774725906488,-0.461780201589941,0
-0.8375909067208234,-0.853774725906488,-0.461780201589941,1
0.7432992357845871,-0.853774725906488,-0.461780201589941,0
0.7432992357845871,-0.853774725906488,-0.461780201589941,0
-0.8375909067208234,0.6875184791663929,-0.461780201589941,1
-0.8375909067208234,0.6875184791663929,-0.461780201589941,0
0.7432992357845871,0.6875184791663929,-0.461780201589941,0
0.7432992357845871,2.228811684239274,-0.461780201589941,0
0.7432992357845871,-0.853774725906488,2.165532425506618,1
2.3241893782899976,0.6875184791663929,-0.461780201589941,1
-0.8375909067208234,0.6875184791663929,-0.461780201589941,0
-0.8375909067208234,-0.853774725906488,-0.461780201589941,0
0.7432992357845871,0.6875184791663929,-0.461780201589941,0
2.3241893782899976,0.6875184791663929,-0.461780201589941,0
-0.8375909067208234,-0.853774725906488,-0.461780201589941,1
0.7432992357845871,-0.853774725906488,-0.461780201589941,0
0.7432992357845871,0.6875184791663929,-0.461780201589941,1
-0.8375909067208234,0.6875184791663929,-0.461780201589941,1
-0.8375909067208234,0.6875184791663929,-0.461780201589941,1
0.7432992357845871,0.6875184791663929,-0.461780201589941,0
-0.8375909067208234,-0.853774725906488,-0.461780201589941,1
-0.8375909067208234,-0.853774725906488,-0.461780201589941,1
0.7432992357845871,-0.853774725906488,2.165532425506618,1
-0.8375909067208234,0.6875184791663929,-0.461780201589941,0
0.7432992357845871,-0.853774725906488,2.165532425506618,1
-0.8375909067208234,-0.853774725906488,-0.461780201589941,0
2.3241893782899976,2.228811684239274,-0.461780201589941,0
-0.8375909067208234,-0.853774725906488,-0.461780201589941,1
-0.8375909067208234,0.6875184791663929,-0.461780201589941,0
-0.8375909067208234,0.6875184791663929,-0.461780201589941,1
0.7432992357845871,0.6875184791663929,-0.461780201589941,0
2.3241893782899976,2.228811684239274,-0.461780201589941,0
-0.8375909067208234,0.6875184791663929,-0.461780201589941,0
0.7432992357845871,0.6875184791663929,-0.461780201589941,0
-0.8375909067208234,0.6875184791663929,-0.461780201589941,1
0.7432992357845871,0.6875184791663929,-0.461780201589941,1
-0.8375909067208234,-0.853774725906488,-0.461780201589941,1
-0.8375909067208234,0.6875184791663929,2.165532425506618,1
-0.8375909067208234,-0.853774725906488,2.165532425506618,1
-0.8375909067208234,-0.853774725906488,2.165532425506618,1
0.7432992357845871,0.6875184791663929,-0.461780201589941,0
-0.8375909067208234,0.6875184791663929,-0.461780201589941,0
-0.8375909067208234,-0.853774725906488,2.165532425506618,1
-0.8375909067208234,0.6875184791663929,-0.461780201589941,1
-0.8375909067208234,-0.853774725906488,2.165532425506618,1
-0.8375909067208234,0.6875184791663929,2.165532425506618,1
-0.8375909067208234,0.6875184791663929,-0.461780201589941,1
-0.8375909067208234,0.6875184791663929,-0.461780201589941,1
0.7432992357845871,-0.853774725906488,-0.461780201589941,1
2.3241893782899976,-0.853774725906488,2.165532425506618,1
0.7432992357845871,-0.853774725906488,-0.461780201589941,0
-0.8375909067208234,0.6875184791663929,-0.461780201589941,1
0.7432992357845871,0.6875184791663929,-0.461780201589941,0
0.7432992357845871,0.6875184791663929,-0.461780201589941,0
2.3241893782899976,0.6875184791663929,-0.461780201589941,0
0.7432992357845871,0.6875184791663929,-0.461780201589941,0
-0.8375909067208234,-0.853774725906488,-0.461780201589941,1
-0.8375909067208234,-0.853774725906488,-0.461780201589941,1
0.7432992357845871,0.6875184791663929,-0.461780201589941,0
2.3241893782899976,0.6875184791663929,-0.461780201589941,0
0.7432992357845871,-0.853774725906488,-0.461780201589941,0
2.3241893782899976,2.228811684239274,2.165532425506618,0
0.7432992357845871,0.6875184791663929,-0.461780201589941,1
0.7432992357845871,-0.853774725906488,-0.461780201589941,1
-0.8375909067208234,-0.853774725906488,-0.461780201589941,1
0.7432992357845871,0.6875184791663929,-0.461780201589941,0
-0.8375909067208234,-0.853774725906488,2.165532425506618,1
0.7432992357845871,-0.853774725906488,-0.461780201589941,0
2.3241893782899976,2.228811684239274,-0.461780201589941,0
-0.8375909067208234,-0.853774725906488,-0.461780201589941,1
-0.8375909067208234,-0.853774725906488,2.165532425506618,1
2.3241893782899976,-0.853774725906488,-0.461780201589941,1
-0.8375909067208234,-0.853774725906488,2.165532425506618,1
-0.8375909067208234,-0.853774725906488,-0.461780201589941,1
0.7432992357845871,0.6875184791663929,-0.461780201589941,0
2.3241893782899976,0.6875184791663929,-0.461780201589941,0
0.7432992357845871,2.228811684239274,-0.461780201589941,0
0.7432992357845871,0.6875184791663929,-0.461780201589941,0
2.3241893782899976,-0.853774725906488,2.165532425506618,1
-0.8375909067208234,0.6875184791663929,-0.461780201589941,0
0.7432992357845871,0.6875184791663929,-0.461780201589941,0
-0.8375909067208234,-0.853774725906488,-0.461780201589941,1
0.7432992357845871,0.6875184791663929,-0.461780201589941,0
0.7432992357845871,0.6875184791663929,-0.461780201589941,0
0.7432992357845871,0.6875184791663929,-0.461780201589941,0
0.7432992357845871,0.6875184791663929,-0.461780201589941,0
2.3241893782899976,0.6875184791663929,-0.461780201589941,0
-0.8375909067208234,2.228811684239274,-0.461780201589941,0
0.7432992357845871,0.6875184791663929,-0.461780201589941,1
0.7432992357845871,-0.853774725906488,-0.461780201589941,1
-0.8375909067208234,0.6875184791663929,-0.461780201589941,0
0.7432992357845871,-0.853774725906488,-0.461780201589941,1
0.7432992357845871,-0.853774725906488,-0.461780201589941,0
-0.8375909067208234,-0.853774725906488,-0.461780201589941,1
0.7432992357845871,0.6875184791663929,-0.461780201589941,1
-0.8375909067208234,-0.853774725906488,-0.461780201589941,1
-0.8375909067208234,-0.853774725906488,-0.461780201589941,0
-0.8375909067208234,-0.853774725906488,-0.461780201589941,1
0.7432992357845871,0.6875184791663929,-0.461780201589941,0
-0.8375909067208234,-0.853774725906488,2.165532425506618,0
0.7432992357845871,-0.853774725906488,-0.461780201589941,0
-0.8375909067208234,0.6875184791663929,-0.461780201589941,0
0.7432992357845871,0.6875184791663929,-0.461780201589941,0
-0.8375909067208234,0.6875184791663929,2.165532425506618,1
0.7432992357845871,2.228811684239274,-0.461780201589941,1
-0.8375909067208234,0.6875184791663929,2.165532425506618,1
0.7432992357845871,-0.853774725906488,-0.461780201589941,1
-0.8375909067208234,-0.853774725906488,-0.461780201589941,1
-0.8375909067208234,0.6875184791663929,-0.461780201589941,1
-0.8375909067208234,-0.853774725906488,-0.461780201589941,1
0.7432992357845871,0.6875184791663929,-0.461780201589941,1
-0.8375909067208234,0.6875184791663929,-0.461780201589941,1
0.7432992357845871,-0.853774725906488,2.165532425506618,1
-0.8375909067208234,2.228811684239274,-0.461780201589941,0
-0.8375909067208234,0.6875184791663929,-0.461780201589941,0
-0.8375909067208234,-0.853774725906488,2.165532425506618,1
-0.8375909067208234,0.6875184791663929,-0.461780201589941,0
-0.8375909067208234,2.228811684239274,-0.461780201589941,0
-0.8375909067208234,0.6875184791663929,-0.461780201589941,0
0.7432992357845871,-0.853774725906488,-0.461780201589941,1
-0.8375909067208234,-0.853774725906488,-0.461780201589941,1
-0.8375909067208234,0.6875184791663929,-0.461780201589941,0
-0.8375909067208234,-0.853774725906488,2.165532425506618,1
0.7432992357845871,0.6875184791663929,-0.461780201589941,0
-0.8375909067208234,-0.853774725906488,2.165532425506618,1
-0.8375909067208234,-0.853774725906488,2.165532425506618,1
2.3241893782899976,0.6875184791663929,-0.461780201589941,0
-0.8375909067208234,-0.853774725906488,-0.461780201589941,1
0.7432992357845871,-0.853774725906488,-0.461780201589941,1
0.7432992357845871,-0.853774725906488,-0.461780201589941,1
-0.8375909067208234,0.6875184791663929,-0.461780201589941,0
0.7432992357845871,-0.853774725906488,-0.461780201589941,1
0.7432992357845871,0.6875184791663929,-0.461780201589941,0
-0.8375909067208234,0.6875184791663929,-0.461780201589941,1
-0.8375909067208234,-0.853774725906488,-0.461780201589941,1
2.3241893782899976,-0.853774725906488,-0.461780201589941,0
0.7432992357845871,-0.853774725906488,-0.461780201589941,0
2.3241893782899976,2.228811684239274,-0.461780201589941,1
0.7432992357845871,-0.853774725906488,-0.461780201589941,1
-0.8375909067208234,-0.853774725906488,-0.461780201589941,0
0.7432992357845871,-0.853774725906488,-0.461780201589941,1
-0.8375909067208234,-0.853774725906488,2.165532425506618,1
-0.8375909067208234,-0.853774725906488,2.165532425506618,1
-0.8375909067208234,-0.853774725906488,-0.461780201589941,1
0.7432992357845871,-0.853774725906488,-0.461780201589941,1
0.7432992357845871,-0.853774725906488,-0.461780201589941,0
-0.8375909067208234,0.6875184791663929,-0.461780201589941,1
0.7432992357845871,-0.853774725906488,-0.461780201589941,1
2.3241893782899976,-0.853774725906488,-0.461780201589941,0
-0.8375909067208234,-0.853774725906488,-0.461780201589941,1
2.3241893782899976,-0.853774725906488,-0.461780201589941,0
0.7432992357845871,0.6875184791663929,-0.461780201589941,1
-0.8375909067208234,-0.853774725906488,-0.461780201589941,1
-0.8375909067208234,0.6875184791663929,-0.461780201589941,0
0.7432992357845871,0.6875184791663929,-0.461780201589941,1
-0.8375909067208234,-0.853774725906488,-0.461780201589941,1
-0.8375909067208234,0.6875184791663929,-0.461780201589941,0
-0.8375909067208234,0.6875184791663929,-0.461780201589941,1
-0.8375909067208234,-0.853774725906488,-0.461780201589941,1
-0.8375909067208234,-0.853774725906488,-0.461780201589941,1
0.7432992357845871,-0.853774725906488,-0.461780201589941,1
-0.8375909067208234,-0.853774725906488,-0.461780201589941,1
-0.8375909067208234,0.6875184791663929,-0.461780201589941,1
-0.8375909067208234,-0.853774725906488,-0.461780201589941,1
-0.8375909067208234,-0.853774725906488,-0.461780201589941,1
-0.8375909067208234,-0.853774725906488,-0.461780201589941,1
-0.8375909067208234,-0.853774725906488,-0.461780201589941,1
-0.8375909067208234,-0.853774725906488,-0.461780201589941,0
-0.8375909067208234,0.6875184791663929,-0.461780201589941,1
0.7432992357845871,2.228811684239274,-0.461780201589941,0
0.7432992357845871,-0.853774725906488,-0.461780201589941,1
0.7432992357845871,0.6875184791663929,-0.461780201589941,1
2.3241893782899976,0.6875184791663929,-0.461780201589941,0
-0.8375909067208234,-0.853774725906488,-0.461780201589941,1
-0.8375909067208234,2.228811684239274,2.165532425506618,1
-0.8375909067208234,-0.853774725906488,2.165532425506618,1
0.7432992357845871,0.6875184791663929,-0.461780201589941,1
0.7432992357845871,-0.853774725906488,-0.461780201589941,1
-0.8375909067208234,-0.853774725906488,2.165532425506618,1
-0.8375909067208234,0.6875184791663929,-0.461780201589941,0
0.7432992357845871,0.6875184791663929,-0.461780201589941,0
-0.8375909067208234,-0.853774725906488,-0.461780201589941,1
0.7432992357845871,-0.853774725906488,-0.461780201589941,1
-0.8375909067208234,-0.853774725906488,-0.461780201589941,1
-0.8375909067208234,0.6875184791663929,-0.461780201589941,1
-0.8375909067208234,-0.853774725906488,-0.461780201589941,1
0.7432992357845871,-0.853774725906488,-0.461780201589941,0
0.7432992357845871,0.6875184791663929,-0.461780201589941,0
0.7432992357845871,0.6875184791663929,-0.461780201589941,0
-0.8375909067208234,-0.853774725906488,2.165532425506618,1
0.7432992357845871,0.6875184791663929,2.165532425506618,0
0.7432992357845871,0.6875184791663929,-0.461780201589941,1
0.7432992357845871,-0.853774725906488,2.165532425506618,1
-0.8375909067208234,0.6875184791663929,-0.461780201589941,1
-0.8375909067208234,0.6875184791663929,-0.461780201589941,1
-0.8375909067208234,-0.853774725906488,2.165532425506618,1
-0.8375909067208234,-0.853774725906488,2.165532425506618,1
-0.8375909067208234,-0.853774725906488,-0.461780201589941,1
-0.8375909067208234,-0.853774725906488,-0.461780201589941,1
-0.8375909067208234,0.6875184791663929,-0.461780201589941,0
0.7432992357845871,0.6875184791663929,-0.461780201589941,1
-0.8375909067208234,-0.853774725906488,-0.461780201589941,1
-0.8375909067208234,0.6875184791663929,-0.461780201589941,0
-0.8375909067208234,0.6875184791663929,-0.461780201589941,1
2.3241893782899976,0.6875184791663929,-0.461780201589941,0
0.7432992357845871,-0.853774725906488,2.165532425506618,1
0.7432992357845871,2.228811684239274,-0.461780201589941,0
0.7432992357845871,-0.853774725906488,2.165532425506618,1
2.3241893782899976,-0.853774725906488,-0.461780201589941,0
-0.8375909067208234,-0.853774725906488,2.165532425506618,1
-0.8375909067208234,-0.853774725906488,2.165532425506618,1
0.7432992357845871,0.6875184791663929,-0.461780201589941,0
0.7432992357845871,-0.853774725906488,2.165532425506618,1
0.7432992357845871,0.6875184791663929,2.165532425506618,0
-0.8375909067208234,-0.853774725906488,-0.461780201589941,1
-0.8375909067208234,2.228811684239274,-0.461780201589941,0
0.7432992357845871,-0.853774725906488,-0.461780201589941,0
-0.8375909067208234,0.6875184791663929,-0.461780201589941,1
-0.8375909067208234,0.6875184791663929,-0.461780201589941,0
-0.8375909067208234,0.6875184791663929,-0.461780201589941,1
0.7432992357845871,2.228811684239274,-0.461780201589941,0
-0.8375909067208234,-0.853774725906488,-0.461780201589941,1
-0.8375909067208234,-0.853774725906488,2.165532425506618,1
0.7432992357845871,-0.853774725906488,-0.461780201589941,1
0.7432992357845871,-0.853774725906488,-0.461780201589941,1
2.3241893782899976,0.6875184791663929,-0.461780201589941,0
0.7432992357845871,-0.853774725906488,-0.461780201589941,1
2.3241893782899976,0.6875184791663929,-0.461780201589941,0
-0.8375909067208234,0.6875184791663929,-0.461780201589941,0
0.7432992357845871,-0.853774725906488,2.165532425506618,1
-0.8375909067208234,-0.853774725906488,-0.461780201589941,1
2.3241893782899976,0.6875184791663929,-0.461780201589941,1
-0.8375909067208234,-0.853774725906488,-0.461780201589941,1
0.7432992357845871,0.6875184791663929,-0.461780201589941,0
-0.8375909067208234,-0.853774725906488,-0.461780201589941,1
-0.8375909067208234,-0.853774725906488,-0.461780201589941,1
-0.8375909067208234,-0.853774725906488,2.165532425506618,1
0.7432992357845871,2.228811684239274,-0.461780201589941,0
-0.8375909067208234,0.6875184791663929,-0.461780201589941,1
0.7432992357845871,-0.853774725906488,-0.461780201589941,1
0.7432992357845871,-0.853774725906488,2.165532425506618,1
0.7432992357845871,0.6875184791663929,-0.461780201589941,0
0.7432992357845871,-0.853774725906488,2.165532425506618,1
-0.8375909067208234,0.6875184791663929,-0.461780201589941,1
-0.8375909067208234,-0.853774725906488,-0.461780201589941,1
0.7432992357845871,0.6875184791663929,-0.461780201589941,1
0.7432992357845871,0.6875184791663929,-0.461780201589941,1
-0.8375909067208234,-0.853774725906488,-0.461780201589941,1
0.7432992357845871,0.6875184791663929,-0.461780201589941,1
-0.8375909067208234,2.228811684239274,-0.461780201589941,1
0.7432992357845871,0.6875184791663929,-0.461780201589941,0
-0.8375909067208234,0.6875184791663929,-0.461780201589941,0
-0.8375909067208234,-0.853774725906488,2.165532425506618,1
0.7432992357845871,0.6875184791663929,-0.461780201589941,0
2.3241893782899976,0.6875184791663929,-0.461780201589941,0
-0.8375909067208234,-0.853774725906488,-0.461780201589941,1
0.7432992357845871,-0.853774725906488,-0.461780201589941,1
0.7432992357845871,-0.853774725906488,-0.461780201589941,0
-0.8375909067208234,0.6875184791663929,-0.461780201589941,1
-0.8375909067208234,-0.853774725906488,-0.461780201589941,0
2.3241893782899976,2.228811684239274,-0.461780201589941,1
-0.8375909067208234,0.6875184791663929,2.165532425506618,1
-0.8375909067208234,-0.853774725906488,-0.461780201589941,1
-0.8375909067208234,-0.853774725906488,-0.461780201589941,1
-0.8375909067208234,0.6875184791663929,-0.461780201589941,0
-0.8375909067208234,-0.853774725906488,-0.461780201589941,1
0.7432992357845871,2.228811684239274,-0.461780201589941,0
0.7432992357845871,-0.853774725906488,-0.461780201589941,0
-0.8375909067208234,-0.853774725906488,-0.461780201589941,1
0.7432992357845871,-0.853774725906488,2.165532425506618,1
-0.8375909067208234,-0.853774725906488,2.165532425506618,1
2.3241893782899976,-0.853774725906488,-0.461780201589941,0
-0.8375909067208234,0.6875184791663929,-0.461780201589941,0
0.7432992357845871,-0.853774725906488,-0.461780201589941,0
0.7432992357845871,-0.853774725906488,-0.461780201589941,1
0.7432992357845871,-0.853774725906488,-0.461780201589941,1
-0.8375909067208234,-0.853774725906488,-0.461780201589941,1
0.7432992357845871,0.6875184791663929,2.165532425506618,1
-0.8375909067208234,-0.853774725906488,-0.461780201589941,1
-0.8375909067208234,-0.853774725906488,-0.461780201589941,1
-0.8375909067208234,-0.853774725906488,-0.461780201589941,1
-0.8375909067208234,-0.853774725906488,2.165532425506618,1
2.3241893782899976,0.6875184791663929,-0.461780201589941,1
0.7432992357845871,0.6875184791663929,-0.461780201589941,1
0.7432992357845871,2.228811684239274,-0.461780201589941,0
-0.8375909067208234,-0.853774725906488,-0.461780201589941,1
-0.8375909067208234,-0.853774725906488,-0.461780201589941,1
0.7432992357845871,0.6875184791663929,-0.461780201589941,0
-0.8375909067208234,0.6875184791663929,-0.461780201589941,0
-0.8375909067208234,-0.853774725906488,-0.461780201589941,1
-0.8375909067208234,-0.853774725906488,2.165532425506618,1
0.7432992357845871,0.6875184791663929,-0.461780201589941,0
-0.8375909067208234,0.6875184791663929,-0.461780201589941,0
-0.8375909067208234,-0.853774725906488,-0.461780201589941,0
0.7432992357845871,-0.853774725906488,-0.461780201589941,1
-0.8375909067208234,-0.853774725906488,-0.461780201589941,1
0.7432992357845871,-0.853774725906488,2.165532425506618,1
-0.8375909067208234,0.6875184791663929,-0.461780201589941,1
-0.8375909067208234,-0.853774725906488,-0.461780201589941,0
0.7432992357845871,0.6875184791663929,2.165532425506618,0
0.7432992357845871,0.6875184791663929,-0.461780201589941,1
-0.8375909067208234,0.6875184791663929,-0.461780201589941,0
0.7432992357845871,0.6875184791663929,-0.461780201589941,0
-0.8375909067208234,0.6875184791663929,-0.461780201589941,1
-0.8375909067208234,0.6875184791663929,-0.461780201589941,1
-0.8375909067208234,-0.853774725906488,-0.461780201589941,1
0.7432992357845871,0.6875184791663929,-0.461780201589941,0
0.7432992357845871,-0.853774725906488,-0.461780201589941,1
-0.8375909067208234,-0.853774725906488,-0.461780201589941,0
-0.8375909067208234,0.6875184791663929,-0.461780201589941,0
0.7432992357845871,0.6875184791663929,-0.461780201589941,0
-0.8375909067208234,-0.853774725906488,-0.461780201589941,1
-0.8375909067208234,-0.853774725906488,2.165532425506618,1
-0.8375909067208234,0.6875184791663929,-0.461780201589941,1
0.7432992357845871,-0.853774725906488,-0.461780201589941,0
0.7432992357845871,-0.853774725906488,-0.461780201589941,0
0.7432992357845871,-0.853774725906488,-0.461780201589941,1
-0.8375909067208234,-0.853774725906488,-0.461780201589941,1
-0.8375909067208234,2.228811684239274,-0.461780201589941,0
-0.8375909067208234,0.6875184791663929,2.165532425506618,0
-0.8375909067208234,-0.853774725906488,-0.461780201589941,1
-0.8375909067208234,0.6875184791663929,-0.461780201589941,0
0.7432992357845871,-0.853774725906488,-0.461780201589941,0
0.7432992357845871,0.6875184791663929,2.165532425506618,0
0.7432992357845871,-0.853774725906488,-0.461780201589941,1
-0.8375909067208234,-0.853774725906488,2.165532425506618,1
0.7432992357845871,0.6875184791663929,-0.461780201589941,0
0.7432992357845871,0.6875184791663929,-0.461780201589941,0
-0.8375909067208234,0.6875184791663929,2.165532425506618,1
0.7432992357845871,-0.853774725906488,-0.461780201589941,1
0.7432992357845871,-0.853774725906488,2.165532425506618,1
2.3241893782899976,0.6875184791663929,-0.461780201589941,0
0.7432992357845871,-0.853774725906488,2.165532425506618,1
-0.8375909067208234,2.228811684239274,-0.461780201589941,0
0.7432992357845871,-0.853774725906488,-0.461780201589941,1
-0.8375909067208234,-0.853774725906488,-0.461780201589941,1
2.3241893782899976,2.228811684239274,-0.461780201589941,0
-0.8375909067208234,-0.853774725906488,-0.461780201589941,1
-0.8375909067208234,0.6875184791663929,-0.461780201589941,0
-0.8375909067208234,-0.853774725906488,2.165532425506618,1
-0.8375909067208234,-0.853774725906488,-0.461780201589941,0
-0.8375909067208234,0.6875184791663929,-0.461780201589941,1
-0.8375909067208234,0.6875184791663929,-0.461780201589941,1
0.7432992357845871,-0.853774725906488,-0.461780201589941,1
-0.8375909067208234,-0.853774725906488,-0.461780201589941,0
0.7432992357845871,0.6875184791663929,-0.461780201589941,1
-0.8375909067208234,-0.853774725906488,-0.461780201589941,1
0.7432992357845871,0.6875184791663929,-0.461780201589941,1
-0.8375909067208234,0.6875184791663929,2.165532425506618,1
0.7432992357845871,-0.853774725906488,-0.461780201589941,0
-0.8375909067208234,-0.853774725906488,-0.461780201589941,1
0.7432992357845871,-0.853774725906488,-0.461780201589941,0
-0.8375909067208234,0.6875184791663929,-0.461780201589941,1
0.7432992357845871,0.6875184791663929,2.165532425506618,1
0.7432992357845871,-0.853774725906488,-0.461780201589941,1
0.7432992357845871,-0.853774725906488,-0.461780201589941,1
-0.8375909067208234,0.6875184791663929,-0.461780201589941,0
0.7432992357845871,0.6875184791663929,-0.461780201589941,0
-0.8375909067208234,-0.853774725906488,-0.461780201589941,0
0.7432992357845871,0.6875184791663929,-0.461780201589941,0
0.7432992357845871,2.228811684239274,-0.461780201589941,0
-0.8375909067208234,-0.853774725906488,-0.461780201589941,1
-0.8375909067208234,-0.853774725906488,2.165532425506618,1
-0.8375909067208234,0.6875184791663929,-0.461780201589941,1
0.7432992357845871,0.6875184791663929,-0.461780201589941,0
-0.8375909067208234,-0.853774725906488,-0.461780201589941,1
0.7432992357845871,-0.853774725906488,2.165532425506618,1
-0.8375909067208234,0.6875184791663929,-0.461780201589941,1
0.7432992357845871,0.6875184791663929,-0.461780201589941,0
2.3241893782899976,0.6875184791663929,-0.461780201589941,0
0.7432992357845871,0.6875184791663929,-0.461780201589941,0
0.7432992357845871,-0.853774725906488,2.165532425506618,1
-0.8375909067208234,-0.853774725906488,-0.461780201589941,1
-0.8375909067208234,-0.853774725906488,2.165532425506618,1
-0.8375909067208234,-0.853774725906488,2.165532425506618,1
-0.8375909067208234,0.6875184791663929,-0.461780201589941,1
-0.8375909067208234,-0.853774725906488,2.165532425506618,1
-0.8375909067208234,2.228811684239274,-0.461780201589941,0
-0.8375909067208234,-0.853774725906488,2.165532425506618,1
-0.8375909067208234,-0.853774725906488,2.165532425506618,1
0.7432992357845871,-0.853774725906488,2.165532425506618,1
0.7432992357845871,-0.853774725906488,-0.461780201589941,1
0.7432992357845871,0.6875184791663929,-0.461780201589941,0
-0.8375909067208234,0.6875184791663929,-0.461780201589941,1
-0.8375909067208234,0.6875184791663929,-0.461780201589941,0
0.7432992357845871,-0.853774725906488,-0.461780201589941,0
-0.8375909067208234,0.6875184791663929,-0.461780201589941,0
-0.8375909067208234,-0.853774725906488,-0.461780201589941,1
0.7432992357845871,0.6875184791663929,-0.461780201589941,0
0.7432992357845871,-0.853774725906488,2.165532425506618,1
-0.8375909067208234,0.6875184791663929,-0.461780201589941,0
0.7432992357845871,2.228811684239274,-0.461780201589941,0
-0.8375909067208234,0.6875184791663929,-0.461780201589941,1
-0.8375909067208234,-0.853774725906488,-0.461780201589941,1
0.7432992357845871,2.228811684239274,-0.461780201589941,1
0.7432992357845871,-0.853774725906488,-0.461780201589941,0
-0.8375909067208234,-0.853774725906488,-0.461780201589941,1
0.7432992357845871,0.6875184791663929,-0.461780201589941,1
0.7432992357845871,0.6875184791663929,-0.461780201589941,0
-0.8375909067208234,0.6875184791663929,-0.461780201589941,0
-0.8375909067208234,0.6875184791663929,-0.461780201589941,0
-0.8375909067208234,-0.853774725906488,-0.461780201589941,1
-0.8375909067208234,2.228811684239274,-0.461780201589941,0
-0.8375909067208234,0.6875184791663929,-0.461780201589941,0
-0.8375909067208234,-0.853774725906488,2.165532425506618,1
0.7432992357845871,-0.853774725906488,-0.461780201589941,0
0.7432992357845871,0.6875184791663929,2.165532425506618,1
-0.8375909067208234,-0.853774725906488,2.165532425506618,1
0.7432992357845871,-0.853774725906488,-0.461780201589941,0
-0.8375909067208234,-0.853774725906488,2.165532425506618,1
-0.8375909067208234,2.228811684239274,2.165532425506618,0
0.7432992357845871,0.6875184791663929,-0.461780201589941,0
0.7432992357845871,-0.853774725906488,-0.461780201589941,0
-0.8375909067208234,-0.853774725906488,-0.461780201589941,1
-0.8375909067208234,-0.853774725906488,-0.461780201589941,0
0.7432992357845871,0.6875184791663929,-0.461780201589941,0
-0.8375909067208234,0.6875184791663929,-0.461780201589941,0
0.7432992357845871,-0.853774725906488,-0.461780201589941,1
-0.8375909067208234,-0.853774725906488,-0.461780201589941,1
-0.8375909067208234,-0.853774725906488,-0.461780201589941,1
2.3241893782899976,0.6875184791663929,-0.461780201589941,0
2.3241893782899976,0.6875184791663929,-0.461780201589941,0
-0.8375909067208234,-0.853774725906488,-0.461780201589941,0
0.7432992357845871,0.6875184791663929,-0.461780201589941,1
0.7432992357845871,2.228811684239274,-0.461780201589941,0
-0.8375909067208234,-0.853774725906488,-0.461780201589941,1
0.7432992357845871,-0.853774725906488,2.165532425506618,1
-0.8375909067208234,0.6875184791663929,-0.461780201589941,1
0.7432992357845871,-0.853774725906488,-0.461780201589941,1
0.7432992357845871,-0.853774725906488,-0.461780201589941,0
-0.8375909067208234,-0.853774725906488,-0.461780201589941,1
0.7432992357845871,0.6875184791663929,2.165532425506618,0
-0.8375909067208234,-0.853774725906488,2.165532425506618,1
-0.8375909067208234,-0.853774725906488,2.165532425506618,1
-0.8375909067208234,-0.853774725906488,-0.461780201589941,1
-0.8375909067208234,-0.853774725906488,-0.461780201589941,1
0.7432992357845871,-0.853774725906488,-0.461780201589941,1
-0.8375909067208234,-0.853774725906488,-0.461780201589941,1
-0.8375909067208234,-0.853774725906488,-0.461780201589941,0
-0.8375909067208234,0.6875184791663929,-0.461780201589941,1
-0.8375909067208234,0.6875184791663929,-0.461780201589941,0
2.3241893782899976,-0.853774725906488,-0.461780201589941,0
0.7432992357845871,-0.853774725906488,-0.461780201589941,0
-0.8375909067208234,-0.853774725906488,-0.461780201589941,1
0.7432992357845871,2.228811684239274,-0.461780201589941,0
-0.8375909067208234,-0.853774725906488,-0.461780201589941,0
-0.8375909067208234,0.6875184791663929,-0.461780201589941,1
-0.8375909067208234,-0.853774725906488,-0.461780201589941,1
0.7432992357845871,0.6875184791663929,-0.461780201589941,1
-0.8375909067208234,-0.853774725906488,-0.461780201589941,1
-0.8375909067208234,2.228811684239274,2.165532425506618,1
-0.8375909067208234,-0.853774725906488,-0.461780201589941,1
-0.8375909067208234,0.6875184791663929,2.165532425506618,1
-0.8375909067208234,-0.853774725906488,-0.461780201589941,1
-0.8375909067208234,-0.853774725906488,-0.461780201589941,1
0.7432992357845871,0.6875184791663929,-0.461780201589941,0
0.7432992357845871,-0.853774725906488,-0.461780201589941,1
-0.8375909067208234,-0.853774725906488,2.165532425506618,0
0.7432992357845871,0.6875184791663929,-0.461780201589941,0
-0.8375909067208234,-0.853774725906488,-0.461780201589941,0
0.7432992357845871,0.6875184791663929,-0.461780201589941,1
-0.8375909067208234,-0.853774725906488,-0.461780201589941,1
0.7432992357845871,2.228811684239274,-0.461780201589941,0
-0.8375909067208234,0.6875184791663929,-0.461780201589941,0
-0.8375909067208234,-0.853774725906488,-0.461780201589941,1
-0.8375909067208234,-0.853774725906488,2.165532425506618,1
-0.8375909067208234,-0.853774725906488,2.165532425506618,1
-0.8375909067208234,-0.853774725906488,-0.461780201589941,1
-0.8375909067208234,0.6875184791663929,-0.461780201589941,1
-0.8375909067208234,-0.853774725906488,2.165532425506618,1
0.7432992357845871,0.6875184791663929,-0.461780201589941,0
-0.8375909067208234,-0.853774725906488,-0.461780201589941,1
-0.8375909067208234,0.6875184791663929,2.165532425506618,1
0.7432992357845871,-0.853774725906488,-0.461780201589941,0
0.7432992357845871,0.6875184791663929,-0.461780201589941,0
-0.8375909067208234,-0.853774725906488,-0.461780201589941,1
0.7432992357845871,0.6875184791663929,-0.461780201589941,1
-0.8375909067208234,-0.853774725906488,2.165532425506618,1
-0.8375909067208234,-0.853774725906488,-0.461780201589941,0
0.7432992357845871,0.6875184791663929,-0.461780201589941,0
-0.8375909067208234,-0.853774725906488,2.165532425506618,1
0.7432992357845871,0.6875184791663929,-0.461780201589941,1
0.7432992357845871,0.6875184791663929,-0.461780201589941,0
-0.8375909067208234,0.6875184791663929,-0.461780201589941,1
-0.8375909067208234,-0.853774725906488,2.165532425506618,1
0.7432992357845871,2.228811684239274,-0.461780201589941,1
0.7432992357845871,-0.853774725906488,2.165532425506618,0
-0.8375909067208234,0.6875184791663929,-0.461780201589941,1
0.7432992357845871,-0.853774725906488,-0.461780201589941,1
-0.8375909067208234,0.6875184791663929,-0.461780201589941,1
-0.8375909067208234,-0.853774725906488,2.165532425506618,1
-0.8375909067208234,0.6875184791663929,-0.461780201589941,1
-0.8375909067208234,-0.853774725906488,2.165532425506618,1
0.7432992357845871,0.6875184791663929,-0.461780201589941,1
-0.8375909067208234,-0.853774725906488,-0.461780201589941,1
-0.8375909067208234,0.6875184791663929,-0.461780201589941,0
-0.8375909067208234,-0.853774725906488,-0.461780201589941,1
-0.8375909067208234,0.6875184791663929,-0.461780201589941,0
0.7432992357845871,-0.853774725906488,-0.461780201589941,1
0.7432992357845871,0.6875184791663929,-0.461780201589941,0
-0.8375909067208234,-0.853774725906488,-0.461780201589941,0
-0.8375909067208234,-0.853774725906488,-0.461780201589941,1
0.7432992357845871,0.6875184791663929,-0.461780201589941,1
-0.8375909067208234,-0.853774725906488,-0.461780201589941,0
-0.8375909067208234,-0.853774725906488,-0.461780201589941,1
-0.8375909067208234,0.6875184791663929,-0.461780201589941,1
0.7432992357845871,-0.853774725906488,-0.461780201589941,0
2.3241893782899976,2.228811684239274,-0.461780201589941,0
0.7432992357845871,2.228811684239274,-0.461780201589941,0
0.7432992357845871,-0.853774725906488,-0.461780201589941,0
-0.8375909067208234,-0.853774725906488,-0.461780201589941,1
0.7432992357845871,-0.853774725906488,2.165532425506618,0
2.3241893782899976,2.228811684239274,-0.461780201589941,0
-0.8375909067208234,-0.853774725906488,-0.461780201589941,1
2.3241893782899976,2.228811684239274,-0.461780201589941,0
0.7432992357845871,0.6875184791663929,-0.461780201589941,0
-0.8375909067208234,0.6875184791663929,-0.461780201589941,1
0.7432992357845871,-0.853774725906488,2.165532425506618,1
-0.8375909067208234,-0.853774725906488,-0.461780201589941,1
-0.8375909067208234,0.6875184791663929,-0.461780201589941,1
-0.8375909067208234,-0.853774725906488,2.165532425506618,0
-0.8375909067208234,-0.853774725906488,-0.461780201589941,1
0.7432992357845871,2.228811684239274,-0.461780201589941,1
-0.8375909067208234,-0.853774725906488,-0.461780201589941,1
-0.8375909067208234,0.6875184791663929,-0.461780201589941,1
0.7432992357845871,-0.853774725906488,2.165532425506618,1
-0.8375909067208234,0.6875184791663929,2.165532425506618,1
-0.8375909067208234,-0.853774725906488,-0.461780201589941,1
-0.8375909067208234,-0.853774725906488,-0.461780201589941,1
-0.8375909067208234,-0.853774725906488,2.165532425506618,1
2.3241893782899976,0.6875184791663929,-0.461780201589941,1
-0.8375909067208234,-0.853774725906488,-0.461780201589941,0
0.7432992357845871,0.6875184791663929,-0.461780201589941,0
0.7432992357845871,0.6875184791663929,-0.461780201589941,0
-0.8375909067208234,0.6875184791663929,2.165532425506618,1
0.7432992357845871,0.6875184791663929,-0.461780201589941,1
-0.8375909067208234,-0.853774725906488,2.165532425506618,1
0.7432992357845871,-0.853774725906488,-0.461780201589941,1
0.7432992357845871,-0.853774725906488,-0.461780201589941,0
-0.8375909067208234,-0.853774725906488,2.165532425506618,1
0.7432992357845871,0.6875184791663929,-0.461780201589941,0
0.7432992357845871,-0.853774725906488,-0.461780201589941,1
0.7432992357845871,-0.853774725906488,-0.461780201589941,1
-0.8375909067208234,0.6875184791663929,-0.461780201589941,1
-0.8375909067208234,-0.853774725906488,2.165532425506618,1
0.7432992357845871,-0.853774725906488,-0.461780201589941,1
-0.8375909067208234,0.6875184791663929,-0.461780201589941,0
-0.8375909067208234,0.6875184791663929,-0.461780201589941,1
0.7432992357845871,-0.853774725906488,-0.461780201589941,1
0.7432992357845871,0.6875184791663929,-0.461780201589941,0
-0.8375909067208234,-0.853774725906488,2.165532425506618,1
-0.8375909067208234,0.6875184791663929,-0.461780201589941,0
-0.8375909067208234,-0.853774725906488,2.165532425506618,1
0.7432992357845871,-0.853774725906488,2.165532425506618,1
-0.8375909067208234,0.6875184791663929,-0.461780201589941,1
-0.8375909067208234,0.6875184791663929,-0.461780201589941,0
-0.8375909067208234,-0.853774725906488,-0.461780201589941,1
-0.8375909067208234,0.6875184791663929,-0.461780201589941,1
-0.8375909067208234,0.6875184791663929,-0.461780201589941,1
0.7432992357845871,2.228811684239274,-0.461780201589941,0
-0.8375909067208234,0.6875184791663929,-0.461780201589941,1
-0.8375909067208234,-0.853774725906488,-0.461780201589941,1
-0.8375909067208234,0.6875184791663929,-0.461780201589941,0
-0.8375909067208234,-0.853774725906488,-0.461780201589941,0
-0.8375909067208234,-0.853774725906488,-0.461780201589941,1
-0.8375909067208234,-0.853774725906488,-0.461780201589941,1
-0.8375909067208234,0.6875184791663929,-0.461780201589941,0
-0.8375909067208234,0.6875184791663929,-0.461780201589941,1
-0.8375909067208234,0.6875184791663929,-0.461780201589941,0
0.7432992357845871,0.6875184791663929,-0.461780201589941,1
-0.8375909067208234,-0.853774725906488,2.165532425506618,1
-0.8375909067208234,-0.853774725906488,-0.461780201589941,1
0.7432992357845871,0.6875184791663929,2.165532425506618,0
-0.8375909067208234,-0.853774725906488,-0.461780201589941,1
0.7432992357845871,0.6875184791663929,-0.461780201589941,0
0.7432992357845871,0.6875184791663929,-0.461780201589941,0
0.7432992357845871,0.6875184791663929,-0.461780201589941,1
0.7432992357845871,0.6875184791663929,-0.461780201589941,0
-0.8375909067208234,0.6875184791663929,2.165532425506618,1
-0.8375909067208234,0.6875184791663929,-0.461780201589941,1
-0.8375909067208234,-0.853774725906488,2.165532425506618,1
-0.8375909067208234,-0.853774725906488,-0.461780201589941,0
-0.8375909067208234,-0.853774725906488,2.165532425506618,1
0.7432992357845871,0.6875184791663929,-0.461780201589941,0
0.7432992357845871,0.6875184791663929,-0.461780201589941,0
-0.8375909067208234,0.6875184791663929,-0.461780201589941,0
-0.8375909067208234,-0.853774725906488,-0.461780201589941,1
0.7432992357845871,-0.853774725906488,-0.461780201589941,0
-0.8375909067208234,0.6875184791663929,-0.461780201589941,1
-0.8375909067208234,-0.853774725906488,-0.461780201589941,1
0.7432992357845871,-0.853774725906488,-0.461780201589941,0
2.3241893782899976,-0.853774725906488,-0.461780201589941,0
-0.8375909067208234,-0.853774725906488,2.165532425506618,1
-0.8375909067208234,-0.853774725906488,2.165532425506618,1
0.7432992357845871,0.6875184791663929,-0.461780201589941,1
0.7432992357845871,-0.853774725906488,-0.461780201589941,1
0.7432992357845871,0.6875184791663929,-0.461780201589941,0
0.7432992357845871,-0.853774725906488,-0.461780201589941,0
-0.8375909067208234,-0.853774725906488,2.165532425506618,1
-0.8375909067208234,0.6875184791663929,-0.461780201589941,0
-0.8375909067208234,2.228811684239274,-0.461780201589941,0
0.7432992357845871,2.228811684239274,-0.461780201589941,0
0.7432992357845871,0.6875184791663929,-0.461780201589941,0
0.7432992357845871,-0.853774725906488,-0.461780201589941,1
-0.8375909067208234,-0.853774725906488,2.165532425506618,1
-0.8375909067208234,0.6875184791663929,-0.461780201589941,0
0.7432992357845871,2.228811684239274,-0.461780201589941,0
0.7432992357845871,0.6875184791663929,-0.461780201589941,1
0.7432992357845871,-0.853774725906488,-0.461780201589941,0
0.7432992357845871,-0.853774725906488,-0.461780201589941,1
0.7432992357845871,-0.853774725906488,-0.461780201589941,0
0.7432992357845871,0.6875184791663929,-0.461780201589941,0
2.3241893782899976,-0.853774725906488,-0.461780201589941,0
-0.8375909067208234,0.6875184791663929,-0.461780201589941,0
0.7432992357845871,-0.853774725906488,-0.461780201589941,0
0.7432992357845871,0.6875184791663929,-0.461780201589941,1
0.7432992357845871,-0.853774725906488,-0.461780201589941,1
-0.8375909067208234,2.228811684239274,-0.461780201589941,0
0.7432992357845871,-0.853774725906488,-0.461780201589941,1
-0.8375909067208234,0.6875184791663929,-0.461780201589941,0
-0.8375909067208234,-0.853774725906488,2.165532425506618,1
0.7432992357845871,-0.853774725906488,-0.461780201589941,1
0.7432992357845871,0.6875184791663929,2.165532425506618,1
2.3241893782899976,2.228811684239274,-0.461780201589941,1
0.7432992357845871,-0.853774725906488,-0.461780201589941,0
0.7432992357845871,0.6875184791663929,-0.461780201589941,0
2.3241893782899976,-0.853774725906488,-0.461780201589941,0
-0.8375909067208234,2.228811684239274,-0.461780201589941,0
0.7432992357845871,0.6875184791663929,-0.461780201589941,0
0.7432992357845871,-0.853774725906488,2.165532425506618,1
-0.8375909067208234,-0.853774725906488,2.165532425506618,1
-0.8375909067208234,-0.853774725906488,2.165532425506618,1
-0.8375909067208234,-0.853774725906488,-0.461780201589941,0
0.7432992357845871,0.6875184791663929,-0.461780201589941,1
-0.8375909067208234,-0.853774725906488,-0.461780201589941,1
0.7432992357845871,0.6875184791663929,-0.461780201589941,0
0.7432992357845871,0.6875184791663929,-0.461780201589941,0
0.7432992357845871,-0.853774725906488,-0.461780201589941,1
-0.8375909067208234,-0.853774725906488,-0.461780201589941,0
0.7432992357845871,-0.853774725906488,-0.461780201589941,0
-0.8375909067208234,-0.853774725906488,2.165532425506618,1
2.3241893782899976,0.6875184791663929,-0.461780201589941,0
-0.8375909067208234,-0.853774725906488,-0.461780201589941,1
-0.8375909067208234,2.228811684239274,-0.461780201589941,0
-0.8375909067208234,-0.853774725906488,2.165532425506618,1
-0.8375909067208234,2.228811684239274,2.165532425506618,0
0.7432992357845871,-0.853774725906488,-0.461780201589941,0
-0.8375909067208234,0.6875184791663929,-0.461780201589941,1
-0.8375909067208234,0.6875184791663929,-0.461780201589941,1
0.7432992357845871,2.228811684239274,-0.461780201589941,0
-0.8375909067208234,0.6875184791663929,-0.461780201589941,1
0.7432992357845871,0.6875184791663929,-0.461780201589941,0
-0.8375909067208234,0.6875184791663929,-0.461780201589941,1
-0.8375909067208234,-0.853774725906488,-0.461780201589941,1
0.7432992357845871,0.6875184791663929,-0.461780201589941,0
-0.8375909067208234,-0.853774725906488,-0.461780201589941,1
0.7432992357845871,-0.853774725906488,-0.461780201589941,0
0.7432992357845871,-0.853774725906488,-0.461780201589941,1
0.7432992357845871,0.6875184791663929,2.165532425506618,1
-0.8375909067208234,0.6875184791663929,-0.461780201589941,1
0.7432992357845871,2.228811684239274,-0.461780201589941,0
-0.8375909067208234,-0.853774725906488,2.165532425506618,1
