split0_test_mean_squared_error,split1_test_mean_squared_error,split2_test_mean_squared_error,split3_test_mean_squared_error,split4_test_mean_squared_error,split0_train_mean_squared_error,split1_train_mean_squared_error,split2_train_mean_squared_error,split3_train_mean_squared_error,split4_train_mean_squared_error,split0_test_mean_absolute_error,split1_test_mean_absolute_error,split2_test_mean_absolute_error,split3_test_mean_absolute_error,split4_test_mean_absolute_error,split0_train_mean_absolute_error,split1_train_mean_absolute_error,split2_train_mean_absolute_error,split3_train_mean_absolute_error,split4_train_mean_absolute_error,split0_test_r2,split1_test_r2,split2_test_r2,split3_test_r2,split4_test_r2,split0_train_r2,split1_train_r2,split2_train_r2,split3_train_r2,split4_train_r2,params,reg_method,od_method,mvi_method,fs_method,os_method,mean_test_r2
1.7188882004948578,1.6662278279071823,1.8441929987862835,1.6331329296570603,1.7490552970365094,1.622590557156148,1.6101793214772153,1.5982700190786856,1.633129486606119,1.6228177906714627,1.0520451566969415,1.0365193425063248,1.101274286100832,1.0245430096589927,1.0580573989674806,1.0256501920686754,1.0183085138730654,1.013981721666603,1.0265666520729448,1.0202307257782521,0.4535868591086395,0.3813192604730077,0.41109095188216394,0.4576938339768689,0.43893367101794767,0.45741447550124503,0.48207984514518243,0.46712516598341236,0.4608148230346871,0.45896816755037173,"{'reg__hidden_layer_sizes': (100,), 'reg__learning_rate': 'adaptive', 'reg__learning_rate_init': 0.0001, 'reg__max_iter': 1000, 'reg__n_iter_no_change': 5, 'reg__random_state': 42}",mlp,lof,simple,minmax,none,0.4285249152917256
1.7972189856407013,1.6372505647416353,1.8448081556764993,1.7256041810944402,1.6142845905506693,1.5756885898205977,1.608111949963897,1.6017898156318926,1.6187030101184847,1.6243934485857119,1.0487058890361882,1.0400193919455791,1.1109338275748504,1.0686134088531256,1.0099058393278977,1.0116971700706894,1.019636251064307,1.013009245437632,1.0174373243304458,1.0272689638669743,0.39718106630965355,0.47980977455388885,0.41374562052615005,0.37491083527361335,0.47514296555540425,0.4809564336656277,0.4628185649947786,0.46500237456344495,0.4760903891627496,0.46047771217998634,"{'reg__hidden_layer_sizes': (100,), 'reg__learning_rate': 'adaptive', 'reg__learning_rate_init': 0.0001, 'reg__max_iter': 1000, 'reg__n_iter_no_change': 5, 'reg__random_state': 42}",mlp,none,simple,minmax,none,0.42815805244374194
1.7937735210310992,1.657628100237677,1.8600438819229121,1.7417021393411998,1.627339849596318,1.5793936360068188,1.6021936534812637,1.5672424435401822,1.6236112919440688,1.6226063198005627,1.0470292893401654,1.045430434785573,1.1173238779941639,1.0690920634972345,1.0115009307009348,1.0120243465310108,1.0166946940790487,1.0023408251511146,1.0185302842266353,1.0255295666313926,0.39833673588504903,0.47333538693601396,0.4089039185806441,0.3690794520488201,0.47089827128853534,0.4797359638352606,0.4647955411607716,0.47654119311114995,0.4745017740770625,0.46107128500658945,"{'reg__hidden_layer_sizes': (100,), 'reg__learning_rate': 'adaptive', 'reg__learning_rate_init': 0.0001, 'reg__max_iter': 1000, 'reg__n_iter_no_change': 5, 'reg__random_state': 42}",mlp,none,simple,none,none,0.4241107529478125
1.7107635743080758,1.67213042788539,1.8669890440327088,1.6565196368110902,1.7824700397753315,1.618952528261937,1.603368319570204,1.591811450429385,1.6561917058152187,1.5962121334553188,1.0474393675524079,1.0395911598723873,1.1054866747214778,1.0354915044111612,1.070186435185743,1.0230872070323909,1.0152121127770526,1.0106785255111026,1.0326407676075393,1.01477144713019,0.4561695765372713,0.379127588446838,0.403811454933765,0.4499279287879565,0.42821480634047526,0.4586310127274734,0.4842706291872726,0.4692784996854139,0.4532007257769659,0.4678382375976202,"{'reg__hidden_layer_sizes': (100,), 'reg__learning_rate': 'adaptive', 'reg__learning_rate_init': 0.0001, 'reg__max_iter': 1000, 'reg__n_iter_no_change': 5, 'reg__random_state': 42}",mlp,lof,simple,none,none,0.42345027100926125
1.8956033507335057,1.7086921814778533,1.8026525457222033,1.756450503327076,1.6673785024877057,1.2518989707297148,1.3476714861261019,1.4485035253384828,1.3934864487553469,1.2752619185239313,1.0638248921739897,1.0467801697581869,1.0974775548111002,1.0675350463249818,1.02281800307289,0.8986210497029188,0.9242716432587988,0.96246157158951,0.9376580754201432,0.898226489597506,0.36418121568994555,0.45711121422563983,0.42714208718803703,0.3637369507811393,0.45788038786033414,0.587615147653088,0.5498173476982795,0.5161999789673669,0.5489840084865492,0.5764374521143194,"{'reg__hidden_layer_sizes': (100,), 'reg__learning_rate': 'adaptive', 'reg__learning_rate_init': 0.001, 'reg__max_iter': 1000, 'reg__n_iter_no_change': 5, 'reg__random_state': 42}",mlp,none,simple,none,none,0.4140103711490191
1.757510383592848,1.7177850910822117,1.9370190966682919,1.6878223433741097,1.7862378496914595,1.2823588292668577,1.2465137254347667,1.2246800816698322,1.2566766684492021,1.4008265626003744,1.0566495232174602,1.050522178352814,1.1401824340354283,1.0378435128897952,1.047677115302264,0.9163449533316698,0.8882510950108845,0.8838423012045203,0.8998806988084449,0.9513947994271982,0.4413093483498952,0.362175728493243,0.38144864818609536,0.43953339783822964,0.4270061588600177,0.5711861289314721,0.5990542338392804,0.5916827648313009,0.5851024444644155,0.5329779064141227,"{'reg__hidden_layer_sizes': (100,), 'reg__learning_rate': 'adaptive', 'reg__learning_rate_init': 0.001, 'reg__max_iter': 1000, 'reg__n_iter_no_change': 5, 'reg__random_state': 42}",mlp,lof,simple,none,none,0.4102946563454962
1.9461452534689703,1.7048191987808083,1.865722641681157,1.7047688354938229,1.6996463709813734,1.2962428230190428,1.3407572468480513,1.308649889326434,1.3439189759915253,1.3356887835795657,1.0883294934797212,1.0330172017319355,1.0985952192084087,1.0640727561119572,1.0288151633526597,0.8485445967930509,0.8627471495333424,0.8457949479214688,0.8582321926196991,0.8616287194192083,0.3472285704324105,0.4583417453280326,0.4070992876936833,0.3824583070061025,0.4473890421183435,0.5730079521793441,0.5521270133763663,0.5629110782919671,0.5650270226797327,0.5563674127350103,{'reg__C': 1},svr,none,simple,none,none,0.4085033905157145
1.8221068998137586,1.7799955443868543,1.8917717310402173,1.6348398951249505,1.7894353482189989,1.2836977554943223,1.3710380490007552,1.3294499790976249,1.614017607958597,1.4542575855139246,1.0612342016797192,1.0694579599839635,1.1111706925814333,1.0248082409325792,1.0580270880593,0.9093505082322857,0.9296114623853398,0.9234002425569521,1.0183052277431195,0.9718880012449421,0.42077492074212774,0.3390766008636391,0.3958975605501516,0.45712701061447447,0.4259804572919702,0.5707383992277646,0.5590005229983535,0.5567517199919862,0.4671246972701457,0.5151645176265773,"{'reg__hidden_layer_sizes': (100,), 'reg__learning_rate': 'adaptive', 'reg__learning_rate_init': 0.001, 'reg__max_iter': 1000, 'reg__n_iter_no_change': 5, 'reg__random_state': 42}",mlp,lof,simple,minmax,none,0.40777131001247263
1.7399750841277102,1.7974222468584826,1.884421767420017,1.7300609855774427,1.7895895925452292,1.3308734228395223,1.328788909547572,1.2758969899457417,1.3409689331314036,1.329881013910403,1.0341530586097918,1.057177651758986,1.1111768931024486,1.05049919104151,1.0562636920333535,0.8682056319134793,0.8533838367989941,0.8393531382232939,0.8547346906185262,0.8622979548724828,0.44688360155290063,0.3326059580187133,0.3982446359821272,0.4255074262254215,0.4259309784115536,0.5549631106947557,0.5725901155090811,0.5746066755781842,0.5572729673640235,0.5566304695253501,{'reg__C': 1},svr,lof,simple,none,none,0.40583452003814324
1.920287052117264,1.745019299674267,1.8930917752442997,1.7410826797385623,1.7346606209150326,0.7283084420880913,0.7355676794453507,0.7200893760195758,0.7170132844335778,0.7203222086389569,1.0958794788273616,1.0747394136807815,1.106628664495114,1.0647712418300654,1.0639542483660132,0.6629445350734094,0.6713009787928222,0.6597349102773247,0.658361858190709,0.657563162184189,0.3559018670593259,0.4455692962007821,0.3984017576202036,0.3693038473590752,0.43600475740729805,0.7600897705200277,0.7542874414951116,0.7594902261751568,0.7679313941689415,0.7607538454979499,"{'reg__criterion': 'absolute_error', 'reg__max_depth': None, 'reg__max_features': 'log2', 'reg__random_state': 42}",rf,none,simple,none,none,0.40103630512933697
1.7880746693477496,1.817362122359346,1.8896308939794169,1.733531346286989,1.786124774808571,1.3271480187153506,1.3127256244534897,1.275307105455592,1.334398452853565,1.3235149204365118,1.0490778713119195,1.0694636179136692,1.1008579399903489,1.0504719501818482,1.052300962481607,0.8612494118292414,0.8455802015830314,0.8389327557832996,0.850793295520484,0.8560980338413573,0.43159334275184136,0.3252021584216048,0.3965811974127149,0.4243550411519623,0.42704243130351904,0.5562088657262814,0.5777569307776884,0.5748033473520555,0.5594422415094042,0.5587528638184889,{'reg__C': 1},svr,lof,simple,standard,none,0.4009548342083285
1.9504974712057774,1.7059801572542068,1.8984529624233102,1.726195879593306,1.7605220711155494,1.2814607272809941,1.3362178019619573,1.2996562557051958,1.3331022316143804,1.3267793386635012,1.09148109462247,1.0356195503968213,1.1050498999750866,1.073058050808833,1.044446019553102,0.844749633763472,0.8555018088655477,0.8393683422771105,0.8516985327388549,0.8572588837133601,0.3457687598716206,0.45797288349160004,0.3966980468830178,0.3746964962470404,0.42759634903981836,0.5778772846980536,0.5536433913363048,0.5659149509501977,0.568527971465107,0.5593265751894677,{'reg__C': 1},svr,none,simple,standard,none,0.4005465071066194
1.7941019898153907,1.828786172430825,1.8712233293754859,1.7143005528551056,1.8170297208726902,1.364179115392343,1.3402827869135525,1.3153131456233318,1.3705134389681293,1.3643103924711477,1.050427479859189,1.0696178352196906,1.0985483050646345,1.0474948170609728,1.0562319375088007,0.8767448074795884,0.8614605066542561,0.8579176296224584,0.8682744571068396,0.8735222581776532,0.4296773326780422,0.320960337688426,0.4024593139418433,0.43074091315677054,0.41712866547520977,0.5438258668701402,0.5688930671953507,0.5614650429607024,0.5475187134983167,0.545152046081943,{'reg__C': 1},svr,lof,simple,minmax,none,0.40019331258805835
1.7921498514301146,1.727859789832895,1.869784530428663,1.7211752248910404,1.9482399682331288,1.690122497463478,1.688363930487512,1.674358782862102,1.7204849954027612,1.7008345632621384,1.0630326051765957,1.0601603242349205,1.1109211214119232,1.0535330008216188,1.1083708258533682,1.036597638470339,1.0261342600390626,1.0236281423465687,1.0329914148096595,1.0302682403062693,0.4302978931462834,0.35843493028474527,0.4029187678703442,0.42845807569340677,0.3750387144393097,0.4348321591611993,0.4569314754786743,0.4417566194376993,0.43197400186545165,0.43295812644829923,{'reg__C': 0.1},svr,lof,simple,none,none,0.39902967628681785
1.9560108533958545,1.6866625701816742,1.9425239645144823,1.817762481568188,1.6619481092058073,1.269538829080955,1.3916779682918679,1.3378504103176136,1.241653089981479,1.4104746491423399,1.085616160983354,1.0433128065282233,1.1255601374956103,1.095453198146624,1.0249238433083714,0.9053277719853221,0.9446197825817572,0.9228752851165866,0.8810135271988783,0.9497298669497145,0.3439194742812701,0.46411050236969853,0.38269289523391503,0.341527075720364,0.45964598738998874,0.5818044468284388,0.5351172111562505,0.553158107434409,0.5981264116390008,0.5315282080951752,"{'reg__hidden_layer_sizes': (100,), 'reg__learning_rate': 'adaptive', 'reg__learning_rate_init': 0.001, 'reg__max_iter': 1000, 'reg__n_iter_no_change': 5, 'reg__random_state': 42}",mlp,none,simple,minmax,none,0.3983791869990473
1.8918412037514745,1.7913598027903206,1.8489118530169628,1.716142109254718,1.8459476170868157,1.661750664657424,1.7159530233809377,1.6836911537964363,1.7087107860900068,1.708731762240378,1.0816291315094377,1.0720218279491873,1.1036198735768987,1.0737987326819591,1.0857040030324248,1.0248681606730838,1.0358490460010572,1.0220128837415043,1.0319878250019674,1.033780436319246,0.3654431061163289,0.430845907318012,0.41244152257402467,0.3783384107556811,0.39982169332747297,0.45260694472598384,0.42679481517315077,0.43764733646138176,0.4469584615720825,0.43246577949615017,{'reg__C': 0.1},svr,none,simple,none,none,0.3973781280183039
1.7861650603715886,1.8314329791609538,1.9829723927744087,1.6773676503272457,1.8083540291832785,1.4003755414782355,1.3736006428071132,1.3557292096126645,1.4025062211066612,1.3915882579946228,1.0648515549201552,1.080632861499015,1.1514571118845698,1.0308393195394214,1.0585965250930527,0.9522728265367915,0.9370523891976973,0.929936169441212,0.9487293869751389,0.9462779745512778,0.43220038365085856,0.3199775619132562,0.3667743099332439,0.443005034714956,0.41991167553544384,0.5317219773545893,0.558176255189597,0.5479900336488628,0.5369561500026168,0.5360578682547613,"{'reg__hidden_layer_sizes': (100,), 'reg__learning_rate': 'adaptive', 'reg__learning_rate_init': 0.0001, 'reg__max_iter': 1000, 'reg__n_iter_no_change': 5, 'reg__random_state': 42}",mlp,lof,simple,standard,none,0.39637379314955173
2.0095284368398163,1.711959017741115,1.8778674275697613,1.7607342649893187,1.7540437659245376,1.3087340853552099,1.3767438477005185,1.338830552555223,1.3671370868506363,1.359260132481308,1.1070300631822352,1.0364235146951615,1.1034957488895911,1.0865417958630827,1.0393173738477386,0.8585896499101153,0.8735120621610075,0.8593638895069458,0.8665330701843634,0.8744277838346823,0.3259687332513048,0.4560732690699758,0.40323984361378895,0.36218518530173494,0.429702659210085,0.5688932372585991,0.5401058764851675,0.5528307400328973,0.5575122461280522,0.5485384793583433,{'reg__C': 1},svr,none,simple,minmax,none,0.3954339380893779
1.9546408285288104,1.7239172739215185,1.8939850762386492,1.828878389136639,1.7344563978292449,1.3435570326141983,1.394406900019889,1.3646761806951564,1.3986861382955313,1.396975354452915,1.1075721625145507,1.0494336504560635,1.1202394353705831,1.10751917013735,1.039444596137769,0.9262521186380422,0.9515074663240402,0.9347885449760003,0.9417367008226117,0.9476459212184952,0.3443790047759284,0.4522738701799177,0.3981178789857155,0.3375004087400303,0.4360711570519451,0.5574222988686492,0.5342056257024377,0.5441983030253454,0.5473010763449248,0.5360118326512433,"{'reg__hidden_layer_sizes': (100,), 'reg__learning_rate': 'adaptive', 'reg__learning_rate_init': 0.0001, 'reg__max_iter': 1000, 'reg__n_iter_no_change': 5, 'reg__random_state': 42}",mlp,none,simple,standard,none,0.3936684639467074
1.7802691993464053,1.7939721405228761,2.0210883986928105,1.803367565359477,1.8212674590163935,0.7365060915780867,0.7205330130825838,0.6852521054783319,0.7167514513491415,0.7311896241830066,1.0735130718954249,1.0832516339869283,1.1654248366013071,1.0583823529411764,1.1006393442622953,0.6738184791496321,0.661573998364677,0.6463736713000817,0.6592763695829926,0.6659885620915034,0.43407460440593837,0.3338870039257672,0.35460266587091815,0.40116488220837576,0.41576927324358426,0.7537163382142329,0.7682378821190068,0.7715319704384029,0.7633612268314649,0.756228416699694,"{'reg__criterion': 'absolute_error', 'reg__max_depth': None, 'reg__max_features': 'log2', 'reg__random_state': 42}",rf,lof,simple,none,none,0.3878996859309168
1.8580052466288393,1.748241645880858,1.9397636965047658,1.8033132112910604,1.9738878683803287,1.7250739729866407,1.7351575633239802,1.7183881360684026,1.7622435254063455,1.7509316157718429,1.080524501590269,1.0600048368405457,1.1317707385495188,1.0729857584263027,1.1091486923535718,1.045037268167073,1.0372273795440998,1.0316574545252224,1.0409874214561847,1.042459538470886,0.40936328359761276,0.3508670205658655,0.38057221080767234,0.4011829312881019,0.3668113169373156,0.4231445743942952,0.4418801298045484,0.42707691325439123,0.41818723200154784,0.41625625130528887,{'reg__C': 0.1},svr,lof,simple,standard,none,0.3817593526393136
1.961874699915559,1.8361663632892238,1.8733204039207845,1.7764626450154777,1.8842983066412933,1.69632134486397,1.764769878701087,1.7342599976879192,1.7411416464133698,1.7460350353189011,1.0983630701102745,1.0876745077329284,1.1083775658757467,1.0873605181742272,1.0906608324026363,1.030956106479058,1.044485710472123,1.0325968328641277,1.0375120527480168,1.0436643683194857,0.34195263677589416,0.4166098854717972,0.4046848245022252,0.3564876794421842,0.3873526223183753,0.4412191049834535,0.4104877984919373,0.42075734806278375,0.4364618854213489,0.4200759565428366,{'reg__C': 0.1},svr,none,simple,standard,none,0.38141752970209525
2.0108749988082995,1.850855404425331,1.8623816280302368,1.7518751575559572,1.8735396827084085,1.6971256023563503,1.764893447147591,1.7412299814373444,1.7511000720037262,1.764020216409147,1.1061843206789106,1.09259487893263,1.1030074765428146,1.0824363501355048,1.0873585947673043,1.033353600227331,1.0451208427944907,1.0354363551281258,1.0390694959408495,1.0461216641134776,0.325517072626487,0.41194285662188845,0.4081610153745303,0.365394340753728,0.3908506049449656,0.44095417657069913,0.4104465210949153,0.4184293742431956,0.43323874019768405,0.41410240003956755,{'reg__C': 0.1},svr,none,simple,minmax,none,0.3803731780643199
1.8842020021537818,1.7820395957335706,1.930534387992694,1.773722527177258,1.9831662853028755,1.7341695111271556,1.7472254628689683,1.7223084403506161,1.7715350447236673,1.7560016853679117,1.0877034659011633,1.0633799115449731,1.1320706576432498,1.063633644418224,1.1145402871854395,1.047560548418333,1.040230676605259,1.0317337027581739,1.0452859547097773,1.0424356210975971,0.40103566143846014,0.3383176319053509,0.3835194203970197,0.4110089596293022,0.36383496317061725,0.42010307553261117,0.437998445126485,0.42576985533004674,0.4151195943595395,0.41456593889931426,{'reg__C': 0.1},svr,lof,simple,minmax,none,0.37954332730815005
1.8130040747738576,1.8602461626778306,2.128116132563972,1.7853958774897654,1.8406452453257622,1.1395582416660655,1.0937373523060514,0.8711555453465439,0.9310256016108388,1.0042002717529688,1.0683637752511157,1.087591344245995,1.1790551749974894,1.0511431692471636,1.0785302344378722,0.8586165337692078,0.8321831663500239,0.7395904282255208,0.764093179592499,0.7943368418227903,0.42366859539741064,0.3092790479478891,0.32042533143913343,0.40713264941740157,0.40955321852717974,0.6189378746694143,0.6481953212781562,0.709550413204419,0.692617635110492,0.6652092944161501,"{'reg__hidden_layer_sizes': (100,), 'reg__learning_rate': 'adaptive', 'reg__learning_rate_init': 0.001, 'reg__max_iter': 1000, 'reg__n_iter_no_change': 5, 'reg__random_state': 42}",mlp,lof,simple,standard,none,0.37401176854580287
2.01119524001883,1.8136273663812261,1.9964335687928414,1.809381540624899,1.8449565457674684,0.5893159113583946,0.5898441828546881,0.5902383316398648,0.5845198646956159,0.5965180478309918,1.1295946291118002,1.1047400831630028,1.1349864837556642,1.079610107135149,1.1017964589742992,0.5823637619925066,0.589623001801903,0.582873310501692,0.5855909953662682,0.5858988946596814,0.3254096580784558,0.4237710165383489,0.3655611726173156,0.3445630183955487,0.4001439232221524,0.8058749461631385,0.8029656177963996,0.8028604609747811,0.8108142303282015,0.8018738734929567,"{'reg__criterion': 'friedman_mse', 'reg__max_depth': None, 'reg__max_features': 'log2', 'reg__random_state': 42}",rf,none,simple,none,none,0.37188975777036426
2.014862205225692,1.8136064430006196,1.9920766676772672,1.8097822375332917,1.8481001643556902,0.5893715674243241,0.5897646946714517,0.5903784721743908,0.5845906987081125,0.5965298980147906,1.1297233194587317,1.1043950131045777,1.1334425098142962,1.0798933315360202,1.1016900553017188,0.5824451623983361,0.589373183059833,0.5830331799959825,0.585582845407018,0.5859839841151864,0.32417969329756846,0.42377766435286746,0.36694573520832563,0.3444178684831182,0.3991218293860982,0.8058566126401728,0.8029921704106862,0.8028136540513839,0.8107913041832021,0.8018699376002826,"{'reg__criterion': 'squared_error', 'reg__max_depth': None, 'reg__max_features': 'log2', 'reg__random_state': 42}",rf,none,simple,none,none,0.3716885581455956
2.045157377177517,1.836935507899071,1.963997003289869,1.8194016472889543,1.8421188351406574,0.5880162897827287,0.5889594015903341,0.5922158701919655,0.5883390856528888,0.5949760126110898,1.1341246863004693,1.1109993460680312,1.1210631757028775,1.0907966299407112,1.0957083641853682,0.5823737107731463,0.5890193157751169,0.5854784048137603,0.5888745840376391,0.5866011550067353,0.31401815850527137,0.41636551144828904,0.37586906209769066,0.34093329833939356,0.40106655631480415,0.8063030511972655,0.8032611743770606,0.8021999633119429,0.8095781008140668,0.8023860415089413,"{'reg__criterion': 'poisson', 'reg__max_depth': None, 'reg__max_features': 'log2', 'reg__random_state': 42}",rf,none,simple,none,none,0.3696505173410898
1.8484930277974738,1.919860334517759,2.082864096754448,1.8202192335006437,1.855729117213681,1.7652125078564311,1.8486093348649097,1.8034660821310826,1.790456424785925,1.7973353982892462,1.1059927828809826,1.1412035139058312,1.1904359891133738,1.1179652868530092,1.1199806955310287,1.10743891742723,1.1273029754602513,1.1094696559261548,1.1098379928228537,1.1076925560741622,0.37998284858221243,0.39001848480324874,0.33809475266366573,0.34063713292222775,0.3966414058000708,0.41852584239366675,0.38248166410984363,0.39764252333264394,0.42050065832521877,0.4030371724847899,"{'reg__learning_rate': 0.5, 'reg__n_estimators': 50, 'reg__random_state': 42}",ada,none,simple,none,none,0.36907492495428507
1.8484930277974738,1.919860334517759,2.082864096754448,1.8202192335006437,1.855729117213681,1.7652125078564311,1.8486093348649097,1.8034660821310826,1.790456424785925,1.7973353982892462,1.1059927828809826,1.1412035139058312,1.1904359891133738,1.1179652868530092,1.1199806955310287,1.10743891742723,1.1273029754602513,1.1094696559261548,1.1098379928228537,1.1076925560741622,0.37998284858221243,0.39001848480324874,0.33809475266366573,0.34063713292222775,0.3966414058000708,0.41852584239366675,0.38248166410984363,0.39764252333264394,0.42050065832521877,0.4030371724847899,"{'reg__learning_rate': 0.5, 'reg__n_estimators': 100, 'reg__random_state': 42}",ada,none,simple,none,none,0.36907492495428507
2.030527455978719,1.8216980906496385,2.0170872166156983,1.767951318529776,1.922375316345877,1.78933529876115,1.791603904040133,1.7818528141822385,1.8307554147045673,1.7749223252426622,1.1780912541081736,1.1238979554135637,1.1678743439163948,1.077275987937747,1.1333341498829133,1.111919473966511,1.1102516860646827,1.0997625578536359,1.120715983255351,1.0981033237841504,0.3545206229421698,0.323592186469706,0.35588036963073566,0.41292537560383813,0.383335642106129,0.4016559339011212,0.4237239548153694,0.40591732857087137,0.39556771808152336,0.4082579796685246,"{'reg__learning_rate': 1.0, 'reg__n_estimators': 100, 'reg__random_state': 42}",ada,lof,simple,none,none,0.36605083935051574
2.030527455978719,1.8216980906496385,2.0170872166156983,1.767951318529776,1.922375316345877,1.78933529876115,1.791603904040133,1.7818528141822385,1.8307554147045673,1.7749223252426622,1.1780912541081736,1.1238979554135637,1.1678743439163948,1.077275987937747,1.1333341498829133,1.111919473966511,1.1102516860646827,1.0997625578536359,1.120715983255351,1.0981033237841504,0.3545206229421698,0.323592186469706,0.35588036963073566,0.41292537560383813,0.383335642106129,0.4016559339011212,0.4237239548153694,0.40591732857087137,0.39556771808152336,0.4082579796685246,"{'reg__learning_rate': 1.0, 'reg__n_estimators': 50, 'reg__random_state': 42}",ada,lof,simple,none,none,0.36605083935051574
1.787517426330994,1.9702999763002635,2.084354295485319,1.8585925772574223,1.875308850320157,1.7578546004126963,1.8410036809927623,1.8007445358846037,1.8612950352810274,1.8371628537328184,1.091691131651316,1.1488267683427182,1.186936379362291,1.1338272966787626,1.126838010179128,1.101315437241752,1.119584139614323,1.1055256315839566,1.134708900715458,1.1238101193724463,0.40043514034567107,0.3739927101324044,0.3376211882284851,0.3267366326455827,0.3902753903442854,0.42094959194990944,0.3850222932378622,0.39855151948505585,0.3975730251369515,0.38980897343136833,"{'reg__learning_rate': 1.0, 'reg__n_estimators': 50, 'reg__random_state': 42}",ada,none,simple,none,none,0.36581221233928574
1.787517426330994,1.9702999763002635,2.084354295485319,1.8585925772574223,1.875308850320157,1.7578546004126963,1.8410036809927623,1.8007445358846037,1.8612950352810274,1.8371628537328184,1.091691131651316,1.1488267683427182,1.186936379362291,1.1338272966787626,1.126838010179128,1.101315437241752,1.119584139614323,1.1055256315839566,1.134708900715458,1.1238101193724463,0.40043514034567107,0.3739927101324044,0.3376211882284851,0.3267366326455827,0.3902753903442854,0.42094959194990944,0.3850222932378622,0.39855151948505585,0.3975730251369515,0.38980897343136833,"{'reg__learning_rate': 1.0, 'reg__n_estimators': 100, 'reg__random_state': 42}",ada,none,simple,none,none,0.36581221233928574
2.1465724068045238,1.8566104322085615,1.9626229237121402,1.9310303379403124,1.7046471574969664,0.7278946568391458,0.876361486799426,0.9615807265921863,0.8733541864331178,0.9989718462116575,1.1603097919244956,1.0918611754531662,1.1149037108682864,1.1100079193242236,1.0402451533145598,0.6538106354290076,0.7431443717088881,0.771822119789532,0.7384577139140637,0.7919183531135667,0.28000176956859824,0.4101143587337355,0.3763057254806611,0.3004965134942722,0.4457631218835668,0.7602260744652976,0.7072560022498471,0.6788321411636437,0.7173300790342225,0.6682037985285205,"{'reg__hidden_layer_sizes': (100,), 'reg__learning_rate': 'adaptive', 'reg__learning_rate_init': 0.001, 'reg__max_iter': 1000, 'reg__n_iter_no_change': 5, 'reg__random_state': 42}",mlp,none,simple,standard,none,0.36253629783216673
1.929094311756518,1.9423287999557077,2.0468888576638062,1.8113987848183395,1.9025293385591506,1.7977972304997545,1.8200253778429858,1.7951717088002257,1.8354496007114034,1.8316619183832115,1.1231233799824876,1.147122150604696,1.175064267634685,1.1213453999618261,1.1346586730910084,1.105659347172405,1.1087341593574196,1.098321961782568,1.1117319560413033,1.1116424673554706,0.3529477568997471,0.38287976312356553,0.34952718340428857,0.3438322844869607,0.381425113994699,0.40779219187536697,0.3920299863218074,0.4004128431294034,0.4059381615966039,0.3916360413917531,"{'reg__criterion': 'squared_error', 'reg__max_depth': 4, 'reg__max_features': 'log2', 'reg__random_state': 42}",rf,none,simple,none,none,0.36212242038185216
1.929094311756518,1.9423287999557077,2.0468888576638062,1.8113987848183395,1.9025293385591506,1.7977972304997545,1.8200253778429858,1.7951717088002257,1.8354496007114034,1.8316619183832115,1.1231233799824876,1.147122150604696,1.175064267634685,1.1213453999618261,1.1346586730910084,1.105659347172405,1.1087341593574196,1.098321961782568,1.1117319560413033,1.1116424673554706,0.3529477568997471,0.38287976312356553,0.34952718340428857,0.3438322844869607,0.381425113994699,0.40779219187536697,0.3920299863218074,0.4004128431294034,0.4059381615966039,0.3916360413917531,"{'reg__criterion': 'friedman_mse', 'reg__max_depth': 4, 'reg__max_features': 'log2', 'reg__random_state': 42}",rf,none,simple,none,none,0.36212242038185216
2.0446597705017293,1.7520460759643681,2.020589990223647,1.8285250831263429,1.9885178168676,1.8102742278393193,1.8179062355916822,1.7879530079036847,1.8388074510171557,1.8098814142142983,1.1700373494911926,1.0916435129600943,1.174869993208144,1.108375840971903,1.15725681181844,1.1068594587954066,1.11024823220727,1.0943359072430126,1.114514484594521,1.104890151248352,0.35002813624969054,0.34945441205091776,0.354761823430535,0.3928109529237138,0.36211828550208447,0.3946540690337248,0.41526371225199865,0.4038834796730121,0.39290930142825686,0.39660295587237315,"{'reg__criterion': 'friedman_mse', 'reg__max_depth': 4, 'reg__max_features': 'log2', 'reg__random_state': 42}",rf,lof,simple,none,none,0.36183472203138833
2.0446597705017293,1.7520460759643681,2.020589990223647,1.8285250831263429,1.9885178168676,1.8102742278393193,1.8179062355916822,1.7879530079036847,1.8388074510171557,1.8098814142142983,1.1700373494911926,1.0916435129600943,1.174869993208144,1.108375840971903,1.15725681181844,1.1068594587954066,1.11024823220727,1.0943359072430126,1.114514484594521,1.104890151248352,0.35002813624969054,0.34945441205091776,0.354761823430535,0.3928109529237138,0.36211828550208447,0.3946540690337248,0.41526371225199865,0.4038834796730121,0.39290930142825686,0.39660295587237315,"{'reg__criterion': 'squared_error', 'reg__max_depth': 4, 'reg__max_features': 'log2', 'reg__random_state': 42}",rf,lof,simple,none,none,0.36183472203138833
1.93711661237785,1.9992179967426709,2.031892589576547,1.7832499183006536,1.890382107843137,1.7873544657422515,1.849305220228385,1.7715109502446982,1.8478520374898129,1.8242318867155662,1.1023778501628665,1.1527198697068404,1.1708306188925082,1.0998856209150327,1.11952614379085,1.0884053833605218,1.0971615008156606,1.0759176182707995,1.0991605541972291,1.0941687041564794,0.3502569358340154,0.3648048241134034,0.3542927888765256,0.3540290327634832,0.38537457837516886,0.41123211642463486,0.3822492072226479,0.4083155339317177,0.40192398741802227,0.3941038349471835,"{'reg__criterion': 'absolute_error', 'reg__max_depth': 4, 'reg__max_features': 'log2', 'reg__random_state': 42}",rf,none,simple,none,none,0.3617516319925193
1.8575604772970968,1.916272806413055,2.1075131281161514,1.8582625646100166,1.8961703090526023,1.7739839625498146,1.8256177293410982,1.801689189373647,1.8178737209818752,1.8239397043516028,1.1114057411198734,1.142871307306403,1.2033516852877288,1.1265280939308326,1.131230141150931,1.1089383854478176,1.118454113264291,1.101447327967151,1.1132919110860933,1.1201706456347829,0.3769414661561832,0.3911583207536946,0.3302616332462769,0.3268561776329999,0.3834926437154741,0.4156364598371094,0.3901618903830407,0.39823600532173276,0.41162677294263805,0.39420087972263695,"{'reg__learning_rate': 0.1, 'reg__n_estimators': 100, 'reg__random_state': 42}",ada,none,simple,none,none,0.36174204830092577
2.0139397875816996,1.7388238562091505,2.0129486111111112,1.862750735294118,2.0166130327868856,1.7839606909239571,1.809774100572363,1.7887035772690103,1.8403846892886344,1.8180720179738563,1.1475653594771242,1.0743790849673203,1.1710620915032681,1.107859477124183,1.1464426229508196,1.0887121831561732,1.091140637775961,1.0809525756336877,1.0973875715453802,1.0860866013071895,0.3597936360364886,0.35436390435403287,0.3572019570295847,0.38144581425698876,0.3531058319310053,0.4034531737528243,0.41787944366298346,0.4036332343945601,0.3923885689918528,0.39387228741016156,"{'reg__criterion': 'absolute_error', 'reg__max_depth': 4, 'reg__max_features': 'log2', 'reg__random_state': 42}",rf,lof,simple,none,none,0.36118222872162004
2.060086659363762,1.7592801588696418,2.0052667204803583,1.8314272024636369,1.999656737511649,1.8055721431000413,1.8223454728237873,1.7860162386903276,1.8335227677494654,1.8138974047635215,1.1748379341453954,1.0938073494677922,1.1713799288068236,1.1064113287338189,1.1611901886103726,1.1073952541405612,1.1118078586837974,1.095048373223827,1.1144429986432212,1.1052644747216112,0.3451241205057588,0.3467683521456191,0.35965502723540343,0.3918472608796866,0.3585451147023002,0.3962264207913797,0.41383581512028045,0.40452921259722163,0.3946540638039683,0.3952640632755354,"{'reg__criterion': 'poisson', 'reg__max_depth': 4, 'reg__max_features': 'log2', 'reg__random_state': 42}",rf,lof,simple,none,none,0.36038797509375364
2.0837843896174775,1.812602328701227,2.0252706233012927,1.783399354322957,1.9475737263454798,1.7976683354475387,1.8102081536321113,1.787194619126063,1.8194950467597184,1.7936584077370092,1.200107401430502,1.123745400848013,1.1613551816758032,1.0792104440925818,1.1389603260696046,1.1180218283338503,1.1206288341097819,1.1061316302311244,1.1217746885182156,1.1031694009138682,0.33759090734145814,0.3269694993644695,0.35326714951508276,0.40779562473576436,0.3752524331769338,0.39886941141015086,0.4177398288853488,0.40413633200032295,0.3992853801118962,0.4020115500920718,"{'reg__learning_rate': 0.5, 'reg__n_estimators': 100, 'reg__random_state': 42}",ada,lof,simple,none,none,0.3601751228267417
2.0837843896174775,1.812602328701227,2.0252706233012927,1.783399354322957,1.9475737263454798,1.7976683354475387,1.8102081536321113,1.787194619126063,1.8194950467597184,1.7936584077370092,1.200107401430502,1.123745400848013,1.1613551816758032,1.0792104440925818,1.1389603260696046,1.1180218283338503,1.1206288341097819,1.1061316302311244,1.1217746885182156,1.1031694009138682,0.33759090734145814,0.3269694993644695,0.35326714951508276,0.40779562473576436,0.3752524331769338,0.39886941141015086,0.4177398288853488,0.40413633200032295,0.3992853801118962,0.4020115500920718,"{'reg__learning_rate': 0.5, 'reg__n_estimators': 50, 'reg__random_state': 42}",ada,lof,simple,none,none,0.3601751228267417
1.9479224661056038,1.9614898990445926,2.04936792340631,1.8073248118451573,1.8995931160444013,1.8015421919980323,1.8231575316568949,1.7978559106174252,1.8327984086898834,1.8324142972930242,1.1291408787363482,1.1536146313645448,1.174971249703457,1.1195974947318004,1.1348870052519073,1.107444147684053,1.1102118647995893,1.09980685133882,1.1117390750990348,1.112999693383041,0.3466324619808995,0.3767918638920785,0.3487393707831906,0.34530805534497355,0.3823797765434106,0.4065585736436881,0.39098370662688275,0.39951632001233783,0.4067962467249857,0.3913861479985711,"{'reg__criterion': 'poisson', 'reg__max_depth': 4, 'reg__max_features': 'log2', 'reg__random_state': 42}",rf,none,simple,none,none,0.3599703057089106
2.089176342348908,1.7787851055237198,2.028145875056268,1.768508681009175,2.0029996684006743,1.8144436407193758,1.8285505412515537,1.795355775804397,1.8198903686405439,1.8186799893414056,1.193167640068517,1.1132385746138223,1.1733534530970962,1.0862669087003223,1.1552148805135918,1.121866252262218,1.117665839816363,1.105096434513602,1.1199270926306677,1.1150769240809755,0.3358768727540601,0.33952604433016487,0.3523489908542289,0.41274029507316046,0.35747276097790737,0.393259839870736,0.411839931830682,0.40141534308203153,0.39915486278303813,0.3936695956076973,"{'reg__learning_rate': 0.1, 'reg__n_estimators': 100, 'reg__random_state': 42}",ada,lof,simple,none,none,0.35959299279790435
1.910702374336093,1.9356954625028815,2.067500611868999,1.8774727864469578,1.908661601631258,1.8376434872153333,1.8643224809188048,1.787523310653254,1.9042007318665346,1.8358158085235814,1.119118954208279,1.1397179528852857,1.181795838081806,1.139298877070404,1.1266341847178323,1.1182429562619138,1.1292728585476748,1.104985028339144,1.143594505556795,1.1142308046761702,0.35911673696999036,0.38498731915643847,0.34297705452814986,0.31989739667162886,0.37943131350295145,0.3946665379077363,0.3772327693759493,0.402967407284507,0.3836861622224451,0.39025637791561896,"{'reg__learning_rate': 1.0, 'reg__n_estimators': 10, 'reg__random_state': 42}",ada,none,simple,none,none,0.35728196416583186
1.8873431334237483,1.9754417135097726,2.149381985620835,1.8813071925885259,1.9083593183505099,1.8152486694157173,1.8825075658384467,1.8250315845934313,1.8473708763476853,1.8497076433747572,1.1240522609482684,1.1579463963185888,1.2188421878602829,1.1310839558687718,1.13376363341682,1.1214084772157047,1.1305201421222224,1.1081073646650361,1.1187409741921372,1.1260398880355913,0.36695183820757016,0.3723590680401073,0.3169562925255306,0.31850840737818953,0.3795295957434093,0.4020435578171365,0.37115813631757033,0.3904396478391752,0.402079720091123,0.38564237597695705,"{'reg__learning_rate': 0.1, 'reg__n_estimators': 50, 'reg__random_state': 42}",ada,none,simple,none,none,0.3508610403789614
2.0545542058000597,1.8397141280185747,2.018500236038844,1.807004357587902,2.074410419417019,1.8094521693167216,1.8490232989888191,1.8255145293588098,1.8236706531200975,1.8281788044558753,1.1801896810425687,1.1381151854926794,1.1718721590273782,1.0904252062857933,1.16642973401867,1.1151603527123468,1.1253750113980086,1.1164762222101072,1.1185961279754764,1.1096962781114839,0.3468828185570386,0.31690271991772834,0.35542914791803826,0.39995723106485603,0.3345654418151126,0.3949289609666805,0.4052547933208531,0.39136019557715696,0.3979067845548242,0.3905027820707596,"{'reg__learning_rate': 1.0, 'reg__n_estimators': 10, 'reg__random_state': 42}",ada,lof,simple,none,none,0.3507474718545548
1.8145681006604426,1.933736826219416,2.26493407179338,1.8899224954286973,1.8747861746477992,0.6067262116094635,0.6011109621732729,0.5399652498450352,0.5898600759444849,0.5977093971891317,1.0844477998103361,1.1261020933284691,1.2222693608930746,1.0863407521629271,1.1125690506027777,0.6003714864229893,0.5882902276693518,0.563118969885581,0.584629386278886,0.5856300774268984,0.42317141105646383,0.2819915082088935,0.2767350439203856,0.37242302572882036,0.398601405902841,0.797114029598298,0.8066504280230783,0.8199716634541132,0.8052549953685293,0.8007294396866355,"{'reg__criterion': 'squared_error', 'reg__max_depth': None, 'reg__max_features': 'log2', 'reg__random_state': 42}",rf,lof,simple,none,none,0.3505844789634809
1.8216889415149393,1.938050891921364,2.2611884778051294,1.8877685469811336,1.8729885436316882,0.6066949466665152,0.6008904751095605,0.5392536076500675,0.5898846795501679,0.5979072970322713,1.0854529917861164,1.1264432853608377,1.220964470249949,1.0865384381914955,1.1124566904674666,0.600340402307686,0.5879893350260634,0.5625146207051892,0.5845234722737488,0.585847384720186,0.42090778447739197,0.2803896688240589,0.2779311303341764,0.3731382764614445,0.399178054472376,0.7971244844264697,0.8067213485054483,0.8202089301312053,0.8052468723754703,0.8006634617836381,"{'reg__criterion': 'friedman_mse', 'reg__max_depth': None, 'reg__max_features': 'log2', 'reg__random_state': 42}",rf,lof,simple,none,none,0.35030898291388957
1.8619832789997772,1.9452893401786309,2.26565028434108,1.8796540305427487,1.8706649827240787,0.6065361126090727,0.5982021023288838,0.5388263325619579,0.5905356283712753,0.5971869378519403,1.0946006955580199,1.1252314904607195,1.2237800401194403,1.0830045765936884,1.1132857322817544,0.5993756136272471,0.5873437350530322,0.5627823496711917,0.5836758960060989,0.5857240652698951,0.4080987166747926,0.27770198803645696,0.27650633464213015,0.37583282276500596,0.3999234121467774,0.7971775976779832,0.8075860735881168,0.8203513867492598,0.8050319586419405,0.8009036226011967,"{'reg__criterion': 'poisson', 'reg__max_depth': None, 'reg__max_features': 'log2', 'reg__random_state': 42}",rf,lof,simple,none,none,0.3476126548530326
2.1321679496110915,1.8191550246141748,2.0665654839072496,1.8070426736931409,2.040706645903999,1.8563807951278557,1.885518102718605,1.8476691141777375,1.8648840713222368,1.84770346701665,1.2031887372670558,1.1236933683531536,1.1854616813362273,1.100775012409912,1.167336788236596,1.1325491665572065,1.130515911515564,1.118450790260115,1.1285372191684246,1.124649728697404,0.32221037649832074,0.32453644268073256,0.3400803967903854,0.3999445076301916,0.3453770225066053,0.3792362817892745,0.3935161042524913,0.383973696070085,0.38429998584785463,0.3839934474899218,"{'reg__learning_rate': 0.1, 'reg__n_estimators': 50, 'reg__random_state': 42}",ada,lof,simple,none,none,0.34642974922124714
1.9493913238971041,1.9922283535684424,2.165882341416569,1.8523349627348706,1.9602256805334721,1.8458536356853708,1.910913489137805,1.877400297599031,1.87543776587363,1.878798780839178,1.125650881218533,1.1634880786566195,1.219356006684006,1.1269057151414241,1.1419895470453671,1.1214605652327856,1.1439492410453636,1.1306605350338876,1.1323678511328759,1.1329880282154072,0.3461397811809026,0.3670255862477342,0.31171270889415925,0.3290034137984892,0.36266613486288835,0.39196205380500637,0.3616692853448876,0.3729485033508382,0.39299558725326944,0.37598011277726484,"{'reg__learning_rate': 0.5, 'reg__n_estimators': 10, 'reg__random_state': 42}",ada,none,simple,none,none,0.3433095249968347
2.147763405815626,1.8429787632788819,2.0630406709628164,1.8900276680053474,2.084249595386737,1.8624887723708465,1.8861574626245603,1.8547321775771557,1.9062336821575028,1.8536378424592272,1.2123199569555652,1.1350240969363727,1.1824852608768066,1.1222865508943711,1.1736858166394624,1.1280227825106015,1.130898341671106,1.1166291834164521,1.1325311099092545,1.122334812198065,0.3172527752966253,0.31569054057268076,0.34120598084653664,0.3723881016048999,0.33140920635995497,0.37719380716658024,0.3933104517657877,0.3816188194274116,0.3706482225195271,0.382014983833313,"{'reg__learning_rate': 0.5, 'reg__n_estimators': 10, 'reg__random_state': 42}",ada,lof,simple,none,none,0.3355893209361395
2.1546241831530737,1.924298192806897,2.0423446664169256,1.9588225808359878,1.988696398932363,0.8121459888144027,0.8195167945898236,0.7947259672302712,0.8388566479518696,0.8132496902677111,1.1456212158424477,1.1063957713680999,1.1249261532213284,1.1262123298908835,1.1144704695471488,0.5752866283401215,0.5860208105913172,0.5717172774050026,0.5817002328100319,0.5751175778774239,0.2773010618242855,0.3886084804009666,0.3509712641947237,0.29042894986185663,0.3534093675525769,0.7324730577211467,0.7262446761007378,0.7345616127711263,0.7284955564859701,0.7298891264033553,{'reg__C': 10},svr,none,simple,none,none,0.33214382476688187
1.9762684864321545,2.1197074529497155,2.230687177849516,1.9354429343111763,2.024501509492132,1.9131215168802178,1.9936807778070658,1.9291645713309418,1.9926240369835946,1.9264804232614192,1.1469819450972933,1.1997707025497395,1.235388742604823,1.1486422021000071,1.1551862911283952,1.1457360607834675,1.166873483712979,1.1310255070454533,1.1570803586398362,1.1321469189156481,0.33712470700827735,0.3265226950746436,0.29111863299905905,0.29889807845919447,0.341767948030663,0.3698035123389508,0.33402130293928267,0.355659241514637,0.3550670646590005,0.3601432422031676,"{'reg__learning_rate': 0.1, 'reg__n_estimators': 10, 'reg__random_state': 42}",ada,none,simple,none,none,0.31908641231436746
1.6509211579642293,1.6826397406693367,1.9447466830770763,1.581165588110297,1.6452005492651947,1.593344161208811,1.5941088477060967,1.496125533361254,1.621697830581383,1.5842595698881003,1.0354066257320793,1.067290422590047,1.1481361615340921,1.0357577300364706,1.0458825377103493,1.0332362885333892,1.0354518199916443,1.0030264222566698,1.0420268980421974,1.0355927524219142,0.3030374038824861,0.36921354334064505,0.2752758689428155,0.2762027761807315,0.3481637668507006,0.37756157717708483,0.3601250859678833,0.3983111643994228,0.367213828216439,0.37198818676676115,"{'reg__criterion': 'poisson', 'reg__max_depth': 4, 'reg__max_features': 'log2', 'reg__random_state': 42}",rf,iforest,simple,none,none,0.31437867183947577
1.6562306506849316,1.6720277397260273,1.96429845890411,1.5998405172413792,1.6109774137931034,1.5844554123711339,1.6030271048109965,1.5037832474226804,1.6392715265866207,1.6064408662092622,1.0353082191780822,1.0606164383561645,1.1438013698630138,1.0399655172413793,1.0296896551724137,1.0200171821305843,1.0242525773195876,0.9923024054982817,1.033893653516295,1.0348799313893655,0.300795917174998,0.373191760609205,0.2679897561188811,0.26765410679294577,0.3617231348697848,0.3810339586889331,0.3565452996775519,0.39523150232946913,0.3603565755214313,0.3631953624169606,"{'reg__criterion': 'absolute_error', 'reg__max_depth': 4, 'reg__max_features': 'log2', 'reg__random_state': 42}",rf,iforest,simple,none,none,0.31427093511316295
1.6491768217735032,1.690179702029911,1.9560970400983748,1.5777963643385111,1.651832013823046,1.5943877715795427,1.5939472417154399,1.4996323250783048,1.6231704330875376,1.585478048211818,1.0357750812640292,1.0680606236486947,1.1513543373614419,1.035220752237656,1.048779753500072,1.0324527132449262,1.033984255639783,1.0032654122666012,1.042224619860881,1.035179759306406,0.30377380311883084,0.3663869694787363,0.27104607505704625,0.2777450781576921,0.3455363492513184,0.3771538917510391,0.3601899545742694,0.396900856655937,0.36663921901066954,0.371505173253062,"{'reg__criterion': 'squared_error', 'reg__max_depth': 4, 'reg__max_features': 'log2', 'reg__random_state': 42}",rf,iforest,simple,none,none,0.3128976550127248
1.6491768217735032,1.690179702029911,1.9560970400983748,1.5777963643385111,1.651832013823046,1.5943877715795427,1.5939472417154399,1.4996323250783048,1.6231704330875376,1.585478048211818,1.0357750812640292,1.0680606236486947,1.1513543373614419,1.035220752237656,1.048779753500072,1.0324527132449262,1.033984255639783,1.0032654122666012,1.042224619860881,1.035179759306406,0.30377380311883084,0.3663869694787363,0.27104607505704625,0.2777450781576921,0.3455363492513184,0.3771538917510391,0.3601899545742694,0.396900856655937,0.36663921901066954,0.371505173253062,"{'reg__criterion': 'friedman_mse', 'reg__max_depth': 4, 'reg__max_features': 'log2', 'reg__random_state': 42}",rf,iforest,simple,none,none,0.3128976550127248
2.285629149308734,1.9037029512990726,2.083204395353545,1.9206348687455772,2.181833795907901,1.9586134836999587,2.0333487124070215,1.9559297818962909,1.967401991020184,1.921716525854958,1.242116198114966,1.1568450688533238,1.1930249483659785,1.1294916228550531,1.1812120133219521,1.1607533275005648,1.1733352396740746,1.140283953934017,1.1472585225178529,1.13460981687581,0.2734269733033926,0.29314327247267835,0.334767067053203,0.3622245237450009,0.30010590265890846,0.345050222524248,0.3459658399801462,0.34787880305926333,0.35045322530143563,0.3593182060187746,"{'reg__learning_rate': 0.1, 'reg__n_estimators': 10, 'reg__random_state': 42}",ada,lof,simple,none,none,0.31273354784663665
1.6956941284851181,1.7317849554150695,1.9571540131532248,1.517925117910092,1.6956557779913948,1.610900780953405,1.6023226330774543,1.5188548409750522,1.6415179619032179,1.628515677329472,1.0441195222248316,1.0712767420520963,1.1326056764144548,1.0104441594361147,1.0456636599925886,1.0077014307994445,1.0108292762080588,0.9832974423425709,1.0252630629527997,1.0217446662408463,0.28413578303911946,0.3507900299040183,0.2706521862871655,0.30515184837666687,0.3281731667683814,0.3707030999127403,0.3568280744645981,0.389170239839818,0.3594800169065385,0.3544447495616674,{'reg__C': 0.1},svr,iforest,simple,none,none,0.3077806028750703
1.600067808219178,1.8147835616438355,2.1172958904109587,1.5375948275862066,1.5509294827586206,0.9373025343642613,0.8981411512027492,0.8668869845360825,0.9596601629502572,0.9737407375643224,1.0298630136986302,1.0948630136986301,1.203219178082192,1.0096551724137932,0.9812068965517242,0.7563144329896907,0.7374054982817869,0.7244072164948453,0.7726329331046312,0.777958833619211,0.3245059534183634,0.3196755878370061,0.21097413986014013,0.2961478064445896,0.3855144089435797,0.6338436319024773,0.6394863545600735,0.6513686795044713,0.6255407947923459,0.614002214132098,"{'reg__criterion': 'absolute_error', 'reg__max_depth': None, 'reg__max_features': 'log2', 'reg__random_state': 42}",rf,iforest,simple,none,none,0.30736357930073577
1.697925262468763,1.7295484614515633,2.055792671485755,1.4809435018397341,1.653240653867963,1.336143021025948,1.287204138033656,1.2058194695751598,1.360814345132116,1.333344609494436,1.0558391430599952,1.0614868626215634,1.1656981084080102,0.9733851076527458,0.988623578025207,0.8595811007941643,0.8503675396057266,0.8264823656080522,0.8840102841659266,0.885964764891556,0.28319387438041366,0.351628444728346,0.23389376598967926,0.32208061993946413,0.34497823940802175,0.4780369646930005,0.48331656376458076,0.5150620075554865,0.4690105124851792,0.47145266988508094,{'reg__C': 1},svr,iforest,simple,none,none,0.3071549888891849
1.5923469686600795,1.7278582843722465,2.0883777788676796,1.4987198378062592,1.7312270930054623,1.2423116421741847,1.1971295560891957,1.1553112095054836,1.2872228234857317,1.2408765589762616,1.0171690347049624,1.0576446962885733,1.1969906800031,0.9887188883565297,1.0430623297732782,0.8910585340381287,0.8750427550396146,0.8557706605748954,0.9050508706215725,0.9040816936279873,0.3277654285043521,0.3522620567756669,0.22175068646252705,0.31394329218644457,0.31407964364301344,0.5146921060527189,0.5194724796301308,0.5353746454403963,0.49772590963265395,0.5081076658060859,"{'reg__hidden_layer_sizes': (100,), 'reg__learning_rate': 'adaptive', 'reg__learning_rate_init': 0.001, 'reg__max_iter': 1000, 'reg__n_iter_no_change': 5, 'reg__random_state': 42}",mlp,iforest,simple,minmax,none,0.30596022151440083
1.7384347812340777,1.7292432231494042,2.008812323704499,1.5042888535846615,1.6969792131682373,1.6342247977967639,1.6261538177391142,1.5392062911349111,1.6629146649308284,1.6496102134651067,1.0421505354039327,1.0727789338692684,1.149633390391758,1.0068452301394104,1.0449447231590256,1.0173340452899673,1.0156632905005496,0.9868167258428123,1.0340501519598642,1.0288128880277934,0.2660921374319576,0.3517428721856335,0.25140133755095984,0.31139400943571716,0.32764881549651026,0.36159159430627963,0.3472622425839167,0.3809856055451556,0.35113102762980175,0.346082724714445,{'reg__C': 0.1},svr,iforest,simple,minmax,none,0.3016558344201557
1.6021454757325515,1.7711701631393788,1.9565698561162377,1.6441598789719485,1.6930172961463237,1.6423913390300402,1.6448580809803044,1.5342524006595823,1.675948310942571,1.6461608172739304,1.01319045223503,1.083003583991049,1.1339739617397553,1.0440685992483376,1.0542392268381944,1.040203346914954,1.0433980193346808,1.0210764013966998,1.055842932329034,1.0595828737676807,0.3236288330683066,0.33602533902887755,0.2708698766962637,0.2473663954847546,0.32921854574536513,0.35840134252708944,0.3397543557475109,0.3829778852872817,0.3460453015416094,0.3474500900109877,"{'reg__learning_rate': 1.0, 'reg__n_estimators': 10, 'reg__random_state': 42}",ada,iforest,simple,none,none,0.30142179800471347
1.7382523852186798,1.6908672380470386,2.0823629277704683,1.5465818730201124,1.6490574990294407,1.3901405502320434,1.3578935700321784,1.2586017514716534,1.389348812268411,1.3533260604718438,1.0418972428130495,1.0546088080066196,1.1777148594221711,1.0051232963396175,0.9865567742296464,0.8845027986376084,0.874249776927618,0.849135911027001,0.9003333774669162,0.9027653950419742,0.26616913880770465,0.36612922660152525,0.2239921648888934,0.2920338802471616,0.3466356251254289,0.4569428798533023,0.4549418424975089,0.49383483842664155,0.4578763690692096,0.46353187994771017,{'reg__C': 1},svr,iforest,simple,minmax,none,0.29899200713414276
1.9169725684146313,2.2123454359977885,2.335577764544845,1.9855451701012914,2.120368467556501,0.8528968699008648,0.8147815658562683,0.746711856908408,0.8114329484564421,0.827544136343003,1.1011503512786072,1.1579604201963076,1.1884670236244603,1.109004742193543,1.1532354503731483,0.5940578357621019,0.5677910963125363,0.5573969666367248,0.5784891452368932,0.5784310076697737,0.39061830675871767,0.1785424012804785,0.2541762825102868,0.34067008930529175,0.31982290428614546,0.714795890153838,0.7379224853204647,0.7510408428748132,0.7321016970808681,0.724104749718484,{'reg__C': 10},svr,lof,simple,none,none,0.296765996828184
1.75300826120414,1.7492406985157074,2.094187502292224,1.489388962023725,1.6641832509342147,1.3807524820844315,1.3274106274767699,1.2419106715926425,1.396321010219377,1.3477977013651292,1.0496318796208852,1.0644932994971283,1.1732342951799115,0.9914633948166033,0.9889388100544442,0.8768273867910188,0.8657902619979351,0.8390025818404209,0.8995244924920401,0.894638860632812,0.2599397113240226,0.34424623679568045,0.21958565036956224,0.3182146107870929,0.34064273073357965,0.4606103199917344,0.4671776884218044,0.5005474011049589,0.45515581881187384,0.46572336099841805,{'reg__C': 1},svr,iforest,simple,standard,none,0.2965257880019876
1.6392572130949636,1.769265130147082,1.9537902622861323,1.6833037094196457,1.6838245022370446,1.627062971866306,1.6069726583511648,1.5255868248420092,1.6681125279735192,1.6351164640417817,1.0190315124429778,1.087848774241317,1.1248938301759708,1.0583510625997488,1.0637943278951227,1.0421437166884293,1.0405915502144483,1.0169802744640373,1.062768296855287,1.0584975202436548,0.30796152352189954,0.3367394960655775,0.27190571274665754,0.22944784475183855,0.3328607741391123,0.36438935498172875,0.35496155542071695,0.3864628737506296,0.3491028225016858,0.35182815054547445,"{'reg__learning_rate': 1.0, 'reg__n_estimators': 50, 'reg__random_state': 42}",ada,iforest,simple,none,none,0.2957830702450171
1.6392572130949636,1.769265130147082,1.9537902622861323,1.6833037094196457,1.6838245022370446,1.627062971866306,1.6069726583511648,1.5255868248420092,1.6681125279735192,1.6351164640417817,1.0190315124429778,1.087848774241317,1.1248938301759708,1.0583510625997488,1.0637943278951227,1.0421437166884293,1.0405915502144483,1.0169802744640373,1.062768296855287,1.0584975202436548,0.30796152352189954,0.3367394960655775,0.27190571274665754,0.22944784475183855,0.3328607741391123,0.36438935498172875,0.35496155542071695,0.3864628737506296,0.3491028225016858,0.35182815054547445,"{'reg__learning_rate': 1.0, 'reg__n_estimators': 100, 'reg__random_state': 42}",ada,iforest,simple,none,none,0.2957830702450171
1.675859291080817,1.8141299633749894,1.967881789090464,1.6349280050079775,1.6593751924827063,1.6115455681323985,1.6084852938507552,1.5185142260251807,1.6362314647589709,1.5891072096515502,1.0379297590932952,1.1158697127645527,1.1369034494954533,1.0463206179509756,1.0575338080428696,1.0454323059962567,1.0408306556719564,1.0131859999559893,1.0566631892032292,1.0363821147594543,0.2925093747786046,0.31992060816198675,0.26665440181377054,0.2515923948336004,0.34254770621586517,0.37045121439765827,0.35435438388932805,0.3893072231396859,0.3615428070434986,0.370066547727547,"{'reg__learning_rate': 0.1, 'reg__n_estimators': 100, 'reg__random_state': 42}",ada,iforest,simple,none,none,0.2946448971607655
2.2758044765643963,1.9807130614173425,2.1709787751262057,2.1206071652237997,2.0831123175399657,0.8175481337598298,0.829365633684404,0.8013520976146675,0.8605601051270793,0.8301285033954654,1.178489055771653,1.1190515477662768,1.1637452703478168,1.1594652828092,1.1392934909521848,0.575597416592066,0.5860631737247486,0.5705172512975379,0.5888468644505578,0.5818108280785481,0.2366550549424613,0.37068424580123005,0.3100931331280943,0.23182351077649077,0.3227116458901006,0.7306935509096841,0.7229547226133075,0.7323484859383236,0.7214710129276958,0.7242830363995443,{'reg__C': 10},svr,none,simple,standard,none,0.29439351810767544
2.2889445544906066,1.9682636967040552,2.1821287365393025,2.1245330206586073,2.0952372609343763,0.8740126536278151,0.8767257170895627,0.8623741237265499,0.9265034677160268,0.888866437703032,1.1854901845026076,1.11491144566998,1.1674432860863646,1.1693556802808838,1.1380026725293184,0.6066557858705587,0.6174634567986946,0.6038799545188417,0.6208104526356416,0.6133439612591559,0.23224764113959506,0.3746396805870398,0.306549830433297,0.2304013945568697,0.31876942785119344,0.7120937171906534,0.7071343330153561,0.7119671358069983,0.7001277762651863,0.7047739545776301,{'reg__C': 10},svr,none,simple,minmax,none,0.29252159491359897
1.8051113659998117,1.7502140467955434,2.0411844750867743,1.485875577600708,1.749407235564243,1.664099757396087,1.642726813334736,1.5630504165901866,1.6881413643609569,1.6770098988573756,1.0643550370095387,1.071208685045281,1.150737421570268,0.9948275454275227,1.0691339440145187,1.0201944155942302,1.0201313700939107,0.9950337017429403,1.0393271198198422,1.0336557125753603,0.23794355783783605,0.34388134887719524,0.2393376176407399,0.3198229040049011,0.3068765852384162,0.3499209689714535,0.3406098460758219,0.37139634063309523,0.34128757451658975,0.33522129365082565,{'reg__C': 0.1},svr,iforest,simple,standard,none,0.28957240271981777
1.7175563807363443,1.8550521983305615,1.9692836670213907,1.6225796264424601,1.6849758237884942,1.6382513451872032,1.628891784808895,1.5301415090546189,1.6575378955076128,1.6064015852345808,1.0396114182427911,1.1227770041180127,1.1519829449945183,1.03444963446819,1.0682666661508,1.047346220072507,1.0418489960475663,1.0139194413849102,1.0569255111747802,1.0363840561579818,0.2749062859111163,0.3045797179153683,0.2661319817093014,0.25724501097424934,0.3324046150990636,0.3600186272925333,0.3461632232503751,0.38463114066453186,0.35322904199210725,0.3632109336759918,"{'reg__learning_rate': 0.1, 'reg__n_estimators': 50, 'reg__random_state': 42}",ada,iforest,simple,none,none,0.2870535223218198
1.6645005168855889,1.7861412679993462,1.9878113848062822,1.686727475196904,1.7205807508783124,1.60917215954601,1.5665479011887746,1.5471768756166573,1.6583066180419752,1.6037745367580711,1.0286585299221018,1.104005769888354,1.142339615766806,1.0720745240783223,1.0667688496419687,1.048246265257694,1.035287683347196,1.0178192708691929,1.064001943749074,1.045319751130899,0.29730466176952364,0.3304129848459566,0.25922749163407854,0.22788057552765273,0.3182977747104263,0.37137838426666203,0.37118804337433176,0.37778011804498346,0.35292908661169675,0.36425231446266493,"{'reg__learning_rate': 0.5, 'reg__n_estimators': 50, 'reg__random_state': 42}",ada,iforest,simple,none,none,0.2866246976975276
1.6645005168855889,1.7861412679993462,1.9878113848062822,1.686727475196904,1.7205807508783124,1.60917215954601,1.5665479011887746,1.5471768756166573,1.6583066180419752,1.6037745367580711,1.0286585299221018,1.104005769888354,1.142339615766806,1.0720745240783223,1.0667688496419687,1.048246265257694,1.035287683347196,1.0178192708691929,1.064001943749074,1.045319751130899,0.29730466176952364,0.3304129848459566,0.25922749163407854,0.22788057552765273,0.3182977747104263,0.37137838426666203,0.37118804337433176,0.37778011804498346,0.35292908661169675,0.36425231446266493,"{'reg__learning_rate': 0.5, 'reg__n_estimators': 100, 'reg__random_state': 42}",ada,iforest,simple,none,none,0.2866246976975276
2.0309097452483957,2.307953115238248,2.3312714875348353,2.0136189211966014,2.108286216033554,0.9213998812970988,0.8932235383887169,0.8129495316016732,0.8976485592443284,0.893068793063784,1.1173813355027884,1.192801326099315,1.204011467293096,1.1204582525019364,1.1515702844085127,0.6282111041462731,0.6030063521101743,0.5918679572964085,0.6184244702538945,0.6124557104062361,0.35439909794681923,0.14304267626913858,0.25555141271442805,0.3313477812151706,0.32369867912259775,0.6918888528829483,0.7126913337218642,0.7289567209889727,0.7036372184580224,0.7022594598159075,{'reg__C': 10},svr,lof,simple,minmax,none,0.28160792945363083
2.074801692747026,2.3120383004864578,2.338676024818915,2.035710199801769,2.194000811388985,0.8577209996904044,0.8318089596640657,0.7628324223261105,0.8306157105950226,0.8374599980433769,1.1339415943730407,1.1900412214210137,1.1992941386878948,1.1095785606625979,1.1721773676089038,0.5950753494770421,0.5692685547406179,0.5636126066129793,0.5855169966866427,0.5793157134532931,0.340446394748519,0.14152582161809035,0.25318691018861306,0.32401204241194104,0.29620293702814426,0.713182727190105,0.7324455609058487,0.745666129266556,0.7257684203363104,0.7207988968637093,{'reg__C': 10},svr,lof,simple,standard,none,0.27107482119906157
1.6283383751734428,1.8431835792522888,2.25201825399013,1.6093914609308606,1.7810488619315723,1.1306161334589906,1.0586048311458913,1.0002896075966834,1.1256816840778248,1.1410218576672986,1.0108498200602267,1.0926059201352194,1.2236216669644864,1.0123379037309588,1.0560568169659879,0.8480964955646701,0.8130939980316897,0.7948908417129417,0.8490951999418919,0.8608511080879889,0.3125710844253128,0.3090290150482442,0.16076886185220984,0.2632820495085706,0.2943400233273412,0.558325853220276,0.5750762714238775,0.5977188572498742,0.5607592301833988,0.5476907828790885,"{'reg__hidden_layer_sizes': (100,), 'reg__learning_rate': 'adaptive', 'reg__learning_rate_init': 0.001, 'reg__max_iter': 1000, 'reg__n_iter_no_change': 5, 'reg__random_state': 42}",mlp,iforest,simple,none,none,0.2679982068323357
1.7013002195258153,1.9075702977371607,2.00953615065231,1.699946770102524,1.7797442797566034,1.627216469699594,1.6049982974372732,1.5878289657894977,1.687413242407027,1.6469212233281865,1.0335154926331827,1.14471883553653,1.1619875400668962,1.0633841516977163,1.0846414514763614,1.0479725376200935,1.0359553942937925,1.030385054029757,1.063408812765808,1.0604035103039957,0.2817690826385907,0.28489178054263353,0.25113159812404495,0.22182928714553507,0.2948569049507672,0.3643293911951315,0.3557540634240838,0.3614312835017527,0.3415716875585697,0.34714865961788566,"{'reg__learning_rate': 0.5, 'reg__n_estimators': 10, 'reg__random_state': 42}",ada,iforest,simple,none,none,0.2668957306803143
2.2151602891834177,2.3103105427484674,2.3716651331680954,2.0482963251663104,2.2764002756532196,2.196953842940914,2.2080834190749323,2.1663590705144946,2.2417465618260413,2.2096779029644704,1.2086000075168728,1.2568583916522489,1.2643190181071309,1.1942625729506902,1.244857847319037,1.225656123167298,1.2209155594230146,1.2147917513475877,1.2321399666781538,1.2224441392745093,0.25699618457864004,0.2659639349261721,0.24631779912347462,0.25801765373662866,0.2598673710435153,0.27630702850879396,0.2624012154772325,0.2764363044030327,0.2744360383217813,0.2660826854536431,"{'reg__criterion': 'squared_error', 'reg__max_depth': 2, 'reg__max_features': 'log2', 'reg__random_state': 42}",rf,none,simple,none,none,0.25743258868168617
2.2151602891834177,2.3103105427484674,2.3716651331680954,2.0482963251663104,2.2764002756532196,2.196953842940914,2.2080834190749323,2.1663590705144946,2.2417465618260413,2.2096779029644704,1.2086000075168728,1.2568583916522489,1.2643190181071309,1.1942625729506902,1.244857847319037,1.225656123167298,1.2209155594230146,1.2147917513475877,1.2321399666781538,1.2224441392745093,0.25699618457864004,0.2659639349261721,0.24631779912347462,0.25801765373662866,0.2598673710435153,0.27630702850879396,0.2624012154772325,0.2764363044030327,0.2744360383217813,0.2660826854536431,"{'reg__criterion': 'friedman_mse', 'reg__max_depth': 2, 'reg__max_features': 'log2', 'reg__random_state': 42}",rf,none,simple,none,none,0.25743258868168617
1.6666398235514206,1.9739204698442994,2.2580902655760506,1.7449447736460746,1.5904771126903194,0.8520345298449086,0.8087765093774778,0.7911709345911656,0.8697434354472766,0.8911427046918751,1.0536317606065422,1.1341625590738174,1.236056368084661,1.0606831330066915,0.9898484044456903,0.7178051932463537,0.7027821523996409,0.6978289659703203,0.7288091619547411,0.7399711771064328,0.29640151947195437,0.26001848832765717,0.15850608215001594,0.20123091953170635,0.3698454510550264,0.6671534989998769,0.6753573006298734,0.6818189999567137,0.6606262840265016,0.6467446645358461,"{'reg__criterion': 'poisson', 'reg__max_depth': None, 'reg__max_features': 'log2', 'reg__random_state': 42}",rf,iforest,simple,none,none,0.257200492107272
1.6493942402737953,2.059990203227331,2.2374229051345527,1.6296714139387154,1.6904347103165522,0.9299436049899443,0.885227737864003,0.8530039544603539,0.9600281728594269,0.9746446402490028,1.0425806372156154,1.1423326601800166,1.2104808300588985,1.0306253002364438,1.0260321327916893,0.7574367340489423,0.7396278722010745,0.7297882951342473,0.7772003143049608,0.7837214694850453,0.3036820164446601,0.22775274490434938,0.16620792577188603,0.25399866148352934,0.33024177845691194,0.6367183908559604,0.6446697956167378,0.6569519437524294,0.625397197398793,0.6136439006493948,"{'reg__hidden_layer_sizes': (100,), 'reg__learning_rate': 'adaptive', 'reg__learning_rate_init': 0.001, 'reg__max_iter': 1000, 'reg__n_iter_no_change': 5, 'reg__random_state': 42}",mlp,iforest,simple,standard,none,0.25637662541226736
2.2283876543862267,2.322462043388441,2.3734353718070538,2.048939237944222,2.267088531248565,2.197717946519728,2.2079554947158657,2.168787711623632,2.236593011426132,2.2082154272233185,1.2135309511528565,1.2612530560199846,1.2645014418318747,1.1945732369837214,1.2441890506641229,1.2266543267941794,1.2215358197457968,1.216244645445879,1.2319749910080402,1.2222198473913828,0.2525594930842824,0.2621031380551605,0.2457552418995108,0.2577847626624532,0.2628949255294726,0.27605532709446723,0.2624439479441961,0.2756251385348607,0.276104037063718,0.26656842876813047,"{'reg__criterion': 'poisson', 'reg__max_depth': 2, 'reg__max_features': 'log2', 'reg__random_state': 42}",rf,none,simple,none,none,0.2562195122461759
2.374051229891118,2.0197960014169554,2.3606720861219777,2.160174947530165,2.3305139098862155,2.172651833842572,2.241489596199579,2.1790385885594414,2.232968494307456,2.1861315100800365,1.2771565883629188,1.1663397904009585,1.263725753013649,1.2167984065012256,1.2560945920198192,1.2161845303930505,1.2362116710312179,1.2155914657185323,1.230861410003432,1.2168267182886991,0.24531869566133313,0.2500372020434688,0.24616287336987797,0.2826816651230595,0.2524119241530335,0.27347695349295154,0.2790165522035766,0.2734927062801983,0.2627752283971144,0.2711647951646565,"{'reg__criterion': 'squared_error', 'reg__max_depth': 2, 'reg__max_features': 'log2', 'reg__random_state': 42}",rf,lof,simple,none,none,0.25532247207015457
2.374051229891118,2.0197960014169554,2.3606720861219777,2.160174947530165,2.3305139098862155,2.172651833842572,2.241489596199579,2.1790385885594414,2.232968494307456,2.1861315100800365,1.2771565883629188,1.1663397904009585,1.263725753013649,1.2167984065012256,1.2560945920198192,1.2161845303930505,1.2362116710312179,1.2155914657185323,1.230861410003432,1.2168267182886991,0.24531869566133313,0.2500372020434688,0.24616287336987797,0.2826816651230595,0.2524119241530335,0.27347695349295154,0.2790165522035766,0.2734927062801983,0.2627752283971144,0.2711647951646565,"{'reg__criterion': 'friedman_mse', 'reg__max_depth': 2, 'reg__max_features': 'log2', 'reg__random_state': 42}",rf,lof,simple,none,none,0.25532247207015457
1.743005501033581,1.9812707555273386,2.0639475256440725,1.7081440547732891,1.754752624903093,1.6984086655493897,1.7007804369480946,1.600873228292048,1.6941786300247064,1.6324111364612606,1.0445741767372365,1.1363054585215657,1.181892314269461,1.0585210702182548,1.0931250397393173,1.0577092576812992,1.0404644411996988,1.035341724987972,1.0592718447253122,1.0402506226320076,0.2641625354505306,0.2572630199113497,0.23085479970928258,0.21807688326565622,0.304758716719038,0.336518225735167,0.31730713530277477,0.3561853419404222,0.33893183465225574,0.35290056172829154,"{'reg__learning_rate': 0.1, 'reg__n_estimators': 10, 'reg__random_state': 42}",ada,iforest,simple,none,none,0.25502319101117144
2.3810703541157237,2.0184592350398716,2.353509098702174,2.1648190014414257,2.3321992220924157,2.17084163889237,2.2394246200283305,2.1796015779136524,2.2281310817476894,2.1827655717588565,1.2795765685559446,1.1659293383884668,1.2622672039703626,1.2171496434820988,1.2580378683547933,1.2161697681702952,1.236749243444515,1.2161826591966283,1.229925248421575,1.216258066632396,0.24308740353147307,0.2505335517003988,0.24845024139798177,0.2811395377030035,0.25187130549202064,0.27408227291390386,0.27968075945311643,0.27330500154001225,0.2643723223008638,0.2722869666051525,"{'reg__criterion': 'poisson', 'reg__max_depth': 2, 'reg__max_features': 'log2', 'reg__random_state': 42}",rf,lof,simple,none,none,0.2550164079649756
1.6816987198550315,1.9810471130941942,2.255271126436912,1.7468815662670636,1.5993678856817723,0.8521705073723009,0.808675102756984,0.7906376137887254,0.8685716470592632,0.8915848168402151,1.0554396838476845,1.1367316058945764,1.2335081111665411,1.062733108137429,0.993583440054661,0.7181898310884658,0.7017524041174669,0.6970324346542316,0.7284419964587162,0.7409808026463657,0.2900441671466797,0.257346858783422,0.15955665505018868,0.20034432983311523,0.3663228847763301,0.6671003795045725,0.6753980052233297,0.6820334827427276,0.6610835156230472,0.6465694081212985,"{'reg__criterion': 'friedman_mse', 'reg__max_depth': None, 'reg__max_features': 'log2', 'reg__random_state': 42}",rf,iforest,simple,none,none,0.25472297911794717
1.6862843736485698,1.978401880273734,2.2560837658603115,1.7463565268919623,1.5989750304155277,0.8520567889699386,0.8084944148957224,0.7905053885020131,0.868643000084564,0.8915554656244128,1.056657779678794,1.137143488912624,1.2335847582637363,1.0627260623096935,0.9934356568034295,0.7178750255713406,0.7014962267324234,0.697013084302407,0.728480879531047,0.7408732309727563,0.28810826054240446,0.25833850125894875,0.15925381900212598,0.2005846728085453,0.36647853588952495,0.6671448034932723,0.6754705332880586,0.6820866590818949,0.6610556736867298,0.6465810431529604,"{'reg__criterion': 'squared_error', 'reg__max_depth': None, 'reg__max_features': 'log2', 'reg__random_state': 42}",rf,iforest,simple,none,none,0.25455275790030985
2.3638031045751635,1.9933787581699345,2.3337696895424838,2.2506879901960786,2.3800609836065574,2.185500061324612,2.229533687653311,2.1735663123466886,2.265094337694195,2.2091922181372547,1.2550653594771242,1.146437908496732,1.247140522875817,1.2240032679738562,1.2524918032786885,1.2076001635322977,1.2160834014717907,1.1981602616516762,1.217477514309076,1.2052736928104575,0.24857644700346626,0.25984608850820845,0.25475365794185345,0.2526254582755574,0.2365180900294489,0.26918057557032893,0.2828622145612524,0.2753172029195362,0.25216873412112406,0.26347657704830196,"{'reg__criterion': 'absolute_error', 'reg__max_depth': 2, 'reg__max_features': 'log2', 'reg__random_state': 42}",rf,lof,simple,none,none,0.25046394835170693
1.7643508462401696,2.0120244275153856,2.058000552974905,1.6261416977495797,1.8623287276495937,1.5957622897707628,1.5277951848816826,1.5386884833725334,1.6190034319840905,1.5757800651036755,1.047513080467738,1.1179945401211482,1.147324618328705,1.0098378756366673,1.0825320468431137,0.998594454200104,0.9870235933017953,0.9788047538497007,1.0085888541467953,1.0047824718510125,0.25515125884386725,0.2457341113079623,0.23307098274103033,0.2556144307601803,0.2621365563857704,0.37661693749099057,0.3867433745245188,0.38119384953448854,0.368265182014593,0.37534952305041236,"{'reg__hidden_layer_sizes': (100,), 'reg__learning_rate': 'adaptive', 'reg__learning_rate_init': 0.0001, 'reg__max_iter': 1000, 'reg__n_iter_no_change': 5, 'reg__random_state': 42}",mlp,iforest,simple,standard,none,0.25034146800776214
2.2295779315960913,2.4023228013029314,2.3679374592833873,2.042245179738562,2.2997678104575163,2.20499851141925,2.2534788947797715,2.1685957585644373,2.2622678891605545,2.2302521801140993,1.1901791530944625,1.2616938110749187,1.246384364820847,1.1718790849673204,1.237156862745098,1.2097022838499185,1.2117495921696575,1.1968923327895598,1.2153871230643847,1.2103463732681337,0.2521602531228869,0.23672963288834947,0.24750240205003704,0.2602096427700987,0.2522698166274874,0.2736570547487831,0.24723709286598172,0.2756892508359019,0.2677941030498493,0.2592491925657745,"{'reg__criterion': 'absolute_error', 'reg__max_depth': 2, 'reg__max_features': 'log2', 'reg__random_state': 42}",rf,none,simple,none,none,0.2497743494917719
1.8756698630136988,1.9489488013698628,2.123142808219178,1.75364,1.8937039655172416,1.8444853951890032,1.861037328178694,1.7737290378006874,1.8822986277873068,1.8868936106346483,1.0978767123287672,1.1461986301369862,1.1965753424657533,1.0995172413793104,1.1343793103448274,1.1117182130584191,1.1151116838487973,1.0833676975945017,1.1193653516295026,1.1193053173241854,0.20815616731363384,0.2693798447090274,0.20879524300699326,0.19725057696494652,0.24970553885727198,0.2794534864141718,0.252980057106832,0.28666884186680464,0.26552744884417223,0.25202189065736447,"{'reg__criterion': 'absolute_error', 'reg__max_depth': 2, 'reg__max_features': 'log2', 'reg__random_state': 42}",rf,iforest,simple,none,none,0.22665747417037457
1.8620581069353048,1.9558743517953283,2.1293009688534985,1.805256809424291,1.8666280416927286,1.8631053781799418,1.8636969377791215,1.7989979321545289,1.9034837111923337,1.8707560448277103,1.0972131038691475,1.1504194267068963,1.2067783030536112,1.1177420334784234,1.1297165522181962,1.1239080941548938,1.1232759430597408,1.099275799689409,1.132950066233649,1.1243459586352378,0.21390258640115356,0.26678360066004436,0.20650035922935017,0.1736223727814996,0.26043314784250526,0.2721796072811937,0.2519124904429362,0.2765065852368287,0.25726103350218676,0.25841893704812824,"{'reg__criterion': 'poisson', 'reg__max_depth': 2, 'reg__max_features': 'log2', 'reg__random_state': 42}",rf,iforest,simple,none,none,0.22424841338291063
1.862191436109802,1.9541077305409054,2.134566906496366,1.8070424190627474,1.8678364057772938,1.8630261245610418,1.8672568208085192,1.800681676292779,1.9045435021128314,1.87067572557684,1.0981386672701945,1.1480576197290027,1.207864957711077,1.1185660930236352,1.1293523870269293,1.1233674581245745,1.1236344532855846,1.0993595116919146,1.1330910732668416,1.1238179451148116,0.21384629937185018,0.26744587003025033,0.20453796890075993,0.17280498887885332,0.2599543882812422,0.2722105676341119,0.2504835542378093,0.27582944282638067,0.25684750329524786,0.2584507761730642,"{'reg__criterion': 'friedman_mse', 'reg__max_depth': 2, 'reg__max_features': 'log2', 'reg__random_state': 42}",rf,iforest,simple,none,none,0.22371790309259118
1.862191436109802,1.9541077305409054,2.134566906496366,1.8070424190627474,1.8678364057772938,1.8630261245610418,1.8672568208085192,1.800681676292779,1.9045435021128314,1.87067572557684,1.0981386672701945,1.1480576197290027,1.207864957711077,1.1185660930236352,1.1293523870269293,1.1233674581245745,1.1236344532855846,1.0993595116919146,1.1330910732668416,1.1238179451148116,0.21384629937185018,0.26744587003025033,0.20453796890075993,0.17280498887885332,0.2599543882812422,0.2722105676341119,0.2504835542378093,0.27582944282638067,0.25684750329524786,0.2584507761730642,"{'reg__criterion': 'squared_error', 'reg__max_depth': 2, 'reg__max_features': 'log2', 'reg__random_state': 42}",rf,iforest,simple,none,none,0.22371790309259118
1.971120135925912,2.1345335398103438,2.3875837415466794,1.6932654662992936,1.8934213605021184,1.0648756460028577,0.993146560362931,0.9532672200827166,1.1207200387215563,1.0991356083676134,1.1209186442126706,1.139072819849192,1.2488811208552204,1.019391303006574,1.0853647400805009,0.6912444242933422,0.6654805839484319,0.6564282322967667,0.7211325534192852,0.7079051803486195,0.16786031812174718,0.19980800663728604,0.11024938750333901,0.2248877328773643,0.24981750829990879,0.5840073138387785,0.6013512058176047,0.6166296003389744,0.5626952632171331,0.5642947913838898,{'reg__C': 10},svr,iforest,simple,none,none,0.19052459068792907
1.9218820854716554,2.093238944833919,2.294997867711751,1.8352429966497747,1.9716033789317788,1.1396481393770248,1.0808741794149583,1.0352460807873447,1.1678289106888438,1.1893214568802049,1.096585275487595,1.1294263543248884,1.232816520887574,1.062087386217809,1.0996989582731156,0.7387105751050433,0.7157061221062374,0.708324888509199,0.7621347387343123,0.7618616598720804,0.18864694339868082,0.21528848687008995,0.14475219321427157,0.159895841398617,0.21884142309500154,0.554797508462491,0.5661373603013871,0.5836605986467085,0.5443133907208649,0.528544476644512,{'reg__C': 10},svr,iforest,simple,minmax,none,0.18548497759533217
2.016522519129179,2.1387301838643866,2.3819750764291143,1.7001792993651481,1.9865644781416725,1.1165779222523649,1.0426402020753833,1.0100205982945267,1.173152071876344,1.1481046994975264,1.126011095839159,1.145439618056002,1.2556953698249684,1.0346866861840316,1.1099879215898074,0.7211474658232195,0.7025957867178074,0.6889180758599891,0.7552774517052173,0.7405137542912832,0.14869298071461656,0.19823477252856503,0.11233949774190577,0.22172284412906063,0.2129137648790438,0.5638098674435923,0.5814844697528347,0.5938053965598001,0.5422362942815009,0.5448830937698097,{'reg__C': 10},svr,iforest,simple,standard,none,0.17878077199863834
2.7443179727059053,2.3586261628632887,2.826630617155084,2.45411018751537,2.2950752333142286,2.4155973383256932,2.430822002296763,2.344962770991561,2.4146547388872754,2.528765133736153,1.348715522397663,1.176483955038891,1.3241662991591092,1.2811116908040436,1.1962832857489933,1.2259640539392844,1.2507383689031248,1.2237727883929626,1.225842622048915,1.2667137495561618,-0.1585574329834245,0.11580036778118818,-0.053364654462898065,-0.12339792494035828,0.09068034559922256,0.05634913407409681,0.02426862382374173,0.05693881446248217,0.05780219990074531,-0.0024205673510975245,"{'reg__hidden_layer_sizes': (100,), 'reg__learning_rate': 'adaptive', 'reg__learning_rate_init': 0.0001, 'reg__max_iter': 1000, 'reg__n_iter_no_change': 5, 'reg__random_state': 42}",mlp,iforest,simple,minmax,none,-0.025767859801254022
2.8044762261399394,2.4569900026309086,2.837662983947224,2.5859280277065446,2.3876360699958625,2.4580077773718814,2.516296102428005,2.3815020097088726,2.5059426084917744,2.5970513930290635,1.369969286887347,1.2015113224130125,1.326254030985371,1.3199864838166087,1.2162048379825832,1.2368622871232802,1.2709790060370885,1.235204781158039,1.251403568885392,1.2863571466473425,-0.18395419544480207,0.07892582093033107,-0.05747594695487801,-0.1837390982479883,0.0540073046458559,0.03978153528796291,-0.010040659731238355,0.042244023479162895,0.022181691290581673,-0.02948972844853337,"{'reg__hidden_layer_sizes': (100,), 'reg__learning_rate': 'adaptive', 'reg__learning_rate_init': 0.0001, 'reg__max_iter': 1000, 'reg__n_iter_no_change': 5, 'reg__random_state': 42}",mlp,iforest,simple,none,none,-0.05844722301429628
10.3972210196163,9.964325993589915,10.129666892936486,10.394330413066982,10.41634129272608,10.097156965948946,10.199777739561734,10.12589821936952,10.045364515508776,10.085627969236961,2.882329607553652,2.8144516451261876,2.83512861589933,2.8737546599213073,2.8758969276144253,2.8297319754483357,2.8482559661530895,2.8407197260676735,2.8257996410922654,2.8278371373657976,-2.4874112383992903,-2.1658837667538293,-2.2190672836751335,-2.7652802345861516,-2.386695278307804,-2.326078766643095,-2.4071827169713496,-2.3820489117280608,-2.2512838866305067,-2.3498171768679876,"{'reg__hidden_layer_sizes': (100,), 'reg__learning_rate': 'adaptive', 'reg__learning_rate_init': 1e-05, 'reg__max_iter': 1000, 'reg__n_iter_no_change': 5, 'reg__random_state': 42}",mlp,none,simple,standard,none,-2.4048675603444414
11.0045019240618,10.269160784004766,10.900684422022827,9.577991694360012,9.729479762513083,10.04158667119843,10.155685417158248,9.938767992586618,10.324181085394693,10.2592784982971,2.979142346892144,2.8806028183655066,2.934914041524566,2.738847721608146,2.7720938165913527,2.8182812672412028,2.8369482712474854,2.8150928104278927,2.8727468806161736,2.8561515603943293,-2.4981940410903514,-2.8130031690501633,-2.480932684936583,-2.180515106667095,-2.1210468316854127,-2.357852384116633,-2.266613906757864,-2.3136574428342764,-2.4085756525765594,-2.420344709955464,"{'reg__hidden_layer_sizes': (100,), 'reg__learning_rate': 'adaptive', 'reg__learning_rate_init': 1e-05, 'reg__max_iter': 1000, 'reg__n_iter_no_change': 5, 'reg__random_state': 42}",mlp,lof,simple,standard,none,-2.418738366685921
10.718816601802573,10.514566501956727,10.254580513904406,10.054302062737763,10.385714623961368,10.296799403915177,10.35214501216323,10.408536574896525,10.46724595659131,10.362700409287315,2.8407990702086563,2.7869050593640976,2.7548181360506243,2.7476157547007594,2.760269735778109,2.7618545504891303,2.7759733732353564,2.7827724572265042,2.7862004155386164,2.778690846913123,-2.5952800665621223,-2.340707181239616,-2.258763095471632,-2.6421071223398793,-2.376737540597329,-2.3918424738014235,-2.458080212102669,-2.4764500919506913,-2.3878300845651297,-2.4418433770955197,"{'reg__hidden_layer_sizes': (100,), 'reg__learning_rate': 'adaptive', 'reg__learning_rate_init': 1e-05, 'reg__max_iter': 1000, 'reg__n_iter_no_change': 5, 'reg__random_state': 42}",mlp,none,simple,none,none,-2.4427190012421156
11.185937937886916,9.849514440207303,10.627690673754973,10.234931102477068,10.155148360245946,10.238523731774583,10.546513996039572,10.34050258596898,10.450114840758292,10.425733655706939,2.914018422453012,2.727540895533298,2.8044981225944428,2.75940626005384,2.702761031338916,2.752337759582689,2.7954440871798187,2.773948351713711,2.7863991339019973,2.793400902604061,-2.5558702891188436,-2.6571858756572726,-2.3937571623419585,-2.3986616428466556,-2.2575938681899594,-2.4237070742198683,-2.392325369696166,-2.4475986744233857,-2.4501532584727936,-2.4758392573728134,"{'reg__hidden_layer_sizes': (100,), 'reg__learning_rate': 'adaptive', 'reg__learning_rate_init': 1e-05, 'reg__max_iter': 1000, 'reg__n_iter_no_change': 5, 'reg__random_state': 42}",mlp,lof,simple,none,none,-2.452613767630938
11.53036341588161,11.350129469160185,11.257480991870091,10.988580736010052,11.217436321527524,11.194503825913676,11.251282576137223,11.275323168544354,11.335023489312293,11.258588348007166,3.0029694521995993,2.949022299995832,2.9036493825586462,2.9130713348244175,2.91728245944403,2.91957348591404,2.9346638804668124,2.9463282695644923,2.942933959557395,2.9384054881759454,-2.8674871759971023,-2.6061837659751834,-2.5774709218516567,-2.980543643238347,-2.6471576302290374,-2.6875530017054734,-2.758432440001661,-2.765956720620878,-2.668695065120075,-2.7394015276466215,"{'reg__hidden_layer_sizes': (100,), 'reg__learning_rate': 'adaptive', 'reg__learning_rate_init': 1e-05, 'reg__max_iter': 1000, 'reg__n_iter_no_change': 5, 'reg__random_state': 42}",mlp,none,simple,minmax,none,-2.735768627458265
12.057566068052157,10.86187553162284,11.697373828485281,11.067054120984274,10.837564551713816,11.133560704672943,11.41737445235508,11.200959242728139,11.359879973836378,11.37680918403194,3.05966748474043,2.927616970268016,2.983285450519425,2.9045337202737924,2.836275929452435,2.915781317233616,2.9467311178934366,2.9316694121216105,2.9512240516617587,2.962163035805702,-2.832950010857429,-3.033081835510493,-2.7353407649554025,-2.6749805117099505,-2.4765010394117737,-2.7230026070602587,-2.6724408676259706,-2.7344811740483954,-2.7505163823393377,-2.7929186848017964,"{'reg__hidden_layer_sizes': (100,), 'reg__learning_rate': 'adaptive', 'reg__learning_rate_init': 1e-05, 'reg__max_iter': 1000, 'reg__n_iter_no_change': 5, 'reg__random_state': 42}",mlp,lof,simple,minmax,none,-2.75057083248901
20.692506229623177,21.268296271722193,21.934476827382017,24.580752773305942,20.836777011863354,21.971144379785276,21.850664582907466,21.646090462826706,21.025759974218825,21.91145392471791,4.26734894330494,4.348395576858004,4.384581013251088,4.7508199586433975,4.288164947297239,4.427141582857556,4.4031054635475435,4.394715253087036,4.3016049003383445,4.41627247422198,-7.735670260450124,-6.973039575948897,-7.174043847071241,-10.252129916367462,-7.25562953066798,-7.5830072298961895,-7.770851589997772,-7.705292888506662,-7.204247370890386,-7.685856895793034,"{'reg__hidden_layer_sizes': (100,), 'reg__learning_rate': 'adaptive', 'reg__learning_rate_init': 1e-05, 'reg__max_iter': 1000, 'reg__n_iter_no_change': 5, 'reg__random_state': 42}",mlp,iforest,simple,standard,none,-7.878102626101141
24.543791532719315,25.481759721407087,25.250392956808167,29.377929705253926,24.58328882330428,26.148162462854742,25.926215556931375,25.98521510923077,24.973381298880753,26.15281621725264,4.665087005609795,4.75246401361582,4.712963796674483,5.189699015910912,4.671607258153004,4.829073396165326,4.808475671244035,4.81853569131924,4.701554013276132,4.82905317585168,-9.361551539084308,-8.552578924421192,-8.409744340337811,-12.448094318592727,-8.740015217087635,-9.214755480541598,-9.406776786002869,-9.450335532191176,-8.744608428651949,-9.367163213609349,"{'reg__hidden_layer_sizes': (100,), 'reg__learning_rate': 'adaptive', 'reg__learning_rate_init': 1e-05, 'reg__max_iter': 1000, 'reg__n_iter_no_change': 5, 'reg__random_state': 42}",mlp,iforest,simple,none,none,-9.502396867904732
25.76366223184475,26.704348609587353,26.574682275016354,30.622816207124835,25.880925511864213,27.429261396891377,27.203278588388788,27.2267241568799,26.234771591422394,27.40593273532946,4.8173439228687895,4.9013584144607485,4.876854024507516,5.328360444182791,4.825442760283797,4.981428533848502,4.961232931879904,4.966508106396097,4.855643676903122,4.979955639261357,-9.876539335617577,-9.010901935631873,-8.903250478570778,-13.017955818741559,-9.254145005972658,-9.715215594178892,-9.919389584459696,-9.949626612124385,-9.236802670569519,-9.863907555046739,"{'reg__hidden_layer_sizes': (100,), 'reg__learning_rate': 'adaptive', 'reg__learning_rate_init': 1e-05, 'reg__max_iter': 1000, 'reg__n_iter_no_change': 5, 'reg__random_state': 42}",mlp,iforest,simple,minmax,none,-10.012558514906889
